Description,Price(Rs),Rating,Review Count,URL of the Product
Apple iPhone 12 (256GB) - Black,"66,999",4.5 out of 5 stars,"31,045",https://www.amazon.in/New-Apple-iPhone-12-256GB/dp/B08L5SXX3J/ref=sr_1_1?keywords=iphone&qid=1688831303&sr=8-1
Apple iPhone 14 (128 GB) - Starlight,"70,999",4.4 out of 5 stars,289,https://www.amazon.in/Apple-iPhone-14-128GB-Starlight/dp/B0BDK8LKPJ/ref=sr_1_2?keywords=iphone&qid=1688831303&sr=8-2
Apple iPhone 12 (64GB) - Purple,"55,990",4.5 out of 5 stars,"31,045",https://www.amazon.in/New-Apple-iPhone-12-64GB/dp/B0932QYBH8/ref=sr_1_3?keywords=iphone&qid=1688831303&sr=8-3
5s 16GB Original Smartphones Compatible Apple iPhone (Gold),"12,999",,,https://www.amazon.in/5s-Original-Smartphones-Compatible-iPhone/dp/B0C94VSVB2/ref=sr_1_4?keywords=iphone&qid=1688831303&sr=8-4
Apple iPhone 14 Pro Max (128 GB) - Space Black,"1,27,999",4.5 out of 5 stars,652,https://www.amazon.in/Apple-iPhone-128GB-Space-Black/dp/B0BDJ22G36/ref=sr_1_5?keywords=iphone&qid=1688831303&sr=8-5
Apple iPhone 14 (128 GB) - Blue,"70,999",4.4 out of 5 stars,433,https://www.amazon.in/Apple-iPhone-14-128GB-Blue/dp/B0BDK62PDX/ref=sr_1_6?keywords=iphone&qid=1688831303&sr=8-6
Apple iPhone 14 Pro (128 GB) - Silver,"1,19,999",4.5 out of 5 stars,578,https://www.amazon.in/Apple-iPhone-Pro-128GB-Silver/dp/B0BDJDZ7RH/ref=sr_1_7?keywords=iphone&qid=1688831303&sr=8-7
Apple iPhone 14 (128 GB) - Purple,"70,999",4.6 out of 5 stars,225,https://www.amazon.in/Apple-iPhone-14-128GB-Purple/dp/B0BDJ213TX/ref=sr_1_8?keywords=iphone&qid=1688831303&sr=8-8
Apple iPhone 12 (64GB) - White,"53,999",4.5 out of 5 stars,"31,045",https://www.amazon.in/New-Apple-iPhone-12-64GB/dp/B08L5VJYV7/ref=sr_1_9?keywords=iphone&qid=1688831303&sr=8-9
Apple iPhone 14 Plus (128 GB) - Starlight,"79,999",4.5 out of 5 stars,875,https://www.amazon.in/Apple-iPhone-Plus-128GB-Starlight/dp/B0BDJFTGK6/ref=sr_1_10?keywords=iphone&qid=1688831303&sr=8-10
Apple iPhone 14 Plus (128 GB) - Midnight,"79,999",4.5 out of 5 stars,875,https://www.amazon.in/Apple-iPhone-Plus-128GB-Midnight/dp/B0BDJKL7KM/ref=sr_1_11?keywords=iphone&qid=1688831303&sr=8-11
Apple iPhone 14 Pro (256 GB) - Deep Purple,"1,34,990",4.5 out of 5 stars,578,https://www.amazon.in/Apple-iPhone-256GB-Deep-Purple/dp/B0BDHV1TZ4/ref=sr_1_12?keywords=iphone&qid=1688831303&sr=8-12
Apple iPhone 12 (256GB) - Blue,"66,999",4.5 out of 5 stars,"31,045",https://www.amazon.in/New-Apple-iPhone-12-256GB/dp/B08L5W5Z9Q/ref=sr_1_13?keywords=iphone&qid=1688831303&sr=8-13
Apple iPhone 14 (128 GB) - (Product) RED,"70,999",4.4 out of 5 stars,132,https://www.amazon.in/Apple-iPhone-128GB-Product-RED/dp/B0BDJVSDMY/ref=sr_1_14?keywords=iphone&qid=1688831303&sr=8-14
Apple iPhone SE (64 GB) - Starlight (3rd Generation),"49,900",4.3 out of 5 stars,310,https://www.amazon.in/Apple-iPhone-SE-Starlight-Generation/dp/B09V4C4DBR/ref=sr_1_15?keywords=iphone&qid=1688831303&sr=8-15
Apple iPhone 14 Pro Max (256 GB) - Deep Purple,"1,43,990",4.5 out of 5 stars,652,https://www.amazon.in/Apple-iPhone-256GB-Deep-Purple/dp/B0BDK2FB2T/ref=sr_1_16?keywords=iphone&qid=1688831303&sr=8-16
Apple iPhone 14 Plus (128 GB) - Blue,"79,999",4.5 out of 5 stars,875,https://www.amazon.in/Apple-iPhone-Plus-128GB-Blue/dp/B0BDK62STN/ref=sr_1_17?keywords=iphone&qid=1688831305&sr=8-17
Apple iPhone 14 Pro Max (1 TB) - Silver,"1,72,990",4.5 out of 5 stars,652,https://www.amazon.in/Apple-iPhone-Pro-Max-Silver/dp/B0BDJJ5VF6/ref=sr_1_18?keywords=iphone&qid=1688831305&sr=8-18
Apple iPhone 14 Plus (128 GB) - Purple,"79,999",4.5 out of 5 stars,875,https://www.amazon.in/Apple-iPhone-Plus-128GB-Purple/dp/B0BDJMSBXY/ref=sr_1_19?keywords=iphone&qid=1688831305&sr=8-19
Apple iPhone 14 Plus (256 GB) - Blue,"89,999",4.5 out of 5 stars,875,https://www.amazon.in/Apple-iPhone-Plus-256GB-Blue/dp/B0BDJQHJZZ/ref=sr_1_20?keywords=iphone&qid=1688831305&sr=8-20
Apple iPhone 14 Pro (128 GB) - Space Black,"1,19,999",4.5 out of 5 stars,578,https://www.amazon.in/Apple-iPhone-128GB-Space-Black/dp/B0BDJ7P6NG/ref=sr_1_21?keywords=iphone&qid=1688831305&sr=8-21
Apple iPhone 14 Pro (128 GB) - Gold,"1,19,999",4.5 out of 5 stars,578,https://www.amazon.in/Apple-iPhone-Pro-128GB-Gold/dp/B0BDJBGBF3/ref=sr_1_22?keywords=iphone&qid=1688831305&sr=8-22
Apple iPhone 14 Plus (256 GB) - Midnight,"89,999",4.5 out of 5 stars,875,https://www.amazon.in/Apple-iPhone-Plus-256GB-Midnight/dp/B0BDJS1D9Y/ref=sr_1_23?keywords=iphone&qid=1688831305&sr=8-23
Apple iPhone 11 (64GB) - White,"40,999",4.6 out of 5 stars,"73,813",https://www.amazon.in/New-Apple-iPhone-11-64GB/dp/B08L8C1NJ3/ref=sr_1_24?keywords=iphone&qid=1688831305&sr=8-24
Apple iPhone 14 Plus (256 GB) - Purple,"89,999",4.5 out of 5 stars,875,https://www.amazon.in/Apple-iPhone-Plus-256GB-Purple/dp/B0BDK63CBS/ref=sr_1_25?keywords=iphone&qid=1688831305&sr=8-25
Apple iPhone 14 Plus (128 GB) - (Product) RED,"77,999",4.5 out of 5 stars,875,https://www.amazon.in/Apple-iPhone-Plus-128GB-Product/dp/B0BDK2FSZ5/ref=sr_1_26?keywords=iphone&qid=1688831305&sr=8-26
Apple iPhone 14 Pro Max (256 GB) - Gold,"1,37,999",4.5 out of 5 stars,652,https://www.amazon.in/Apple-iPhone-Pro-256GB-Gold/dp/B0BDK63WMS/ref=sr_1_27?keywords=iphone&qid=1688831305&sr=8-27
Apple iPhone 14 Plus (256 GB) - Starlight,"89,999",4.5 out of 5 stars,875,https://www.amazon.in/Apple-iPhone-Plus-256GB-Starlight/dp/B0BDHXT4B5/ref=sr_1_28?keywords=iphone&qid=1688831305&sr=8-28
Apple iPhone 12 (64GB) - Green,"56,900",4.5 out of 5 stars,"31,045",https://www.amazon.in/New-Apple-iPhone-12-64GB/dp/B08L5W16HX/ref=sr_1_29?keywords=iphone&qid=1688831305&sr=8-29
Apple iPhone 14 (256 GB) - (Product) RED,"80,999",4.3 out of 5 stars,25,https://www.amazon.in/Apple-iPhone-256GB-Product-RED/dp/B0BDJ3R6QW/ref=sr_1_30?keywords=iphone&qid=1688831305&sr=8-30
Apple iPhone 14 Plus (256 GB) - (Product) RED,"89,999",4.5 out of 5 stars,875,https://www.amazon.in/Apple-iPhone-Plus-256GB-Product/dp/B0BDJVX14D/ref=sr_1_31?keywords=iphone&qid=1688831305&sr=8-31
Apple iPhone 14 Pro Max (1 TB) - Space Black,"1,72,990",3.8 out of 5 stars,9,https://www.amazon.in/Apple-iPhone-Pro-Space-Black/dp/B0BDJJLDYZ/ref=sr_1_32?keywords=iphone&qid=1688831305&sr=8-32
Apple iPhone 12 (256GB) - Purple,"69,900",4.5 out of 5 stars,"31,045",https://www.amazon.in/New-Apple-iPhone-12-256GB/dp/B0932RLX4G/ref=sr_1_33?keywords=iphone&qid=1688831306&sr=8-33
Apple iPhone 14 (256 GB) - Midnight,"80,999",4.6 out of 5 stars,51,https://www.amazon.in/Apple-iPhone-14-256GB-Midnight/dp/B0BDJ6N5D6/ref=sr_1_34?keywords=iphone&qid=1688831306&sr=8-34
Apple iPhone 14 Pro Max (256 GB) - Space Black,"1,37,999",4.5 out of 5 stars,652,https://www.amazon.in/Apple-iPhone-256GB-Space-Black/dp/B0BDJFZ11C/ref=sr_1_35?keywords=iphone&qid=1688831306&sr=8-35
Apple iPhone 12 (256GB) - White,"69,900",4.5 out of 5 stars,"31,045",https://www.amazon.in/New-Apple-iPhone-12-256GB/dp/B08L5VRVTD/ref=sr_1_36?keywords=iphone&qid=1688831306&sr=8-36
Apple iPhone 14 Pro (512 GB) - Deep Purple,"1,45,990",4.5 out of 5 stars,578,https://www.amazon.in/Apple-iPhone-512GB-Deep-Purple/dp/B0BDJ8YDF6/ref=sr_1_37?keywords=iphone&qid=1688831306&sr=8-37
Apple iPhone SE (128 GB) - Starlight (3rd Generation),"54,900",4.3 out of 5 stars,310,https://www.amazon.in/Apple-iPhone-128-Starlight-Generation/dp/B09V44M2JC/ref=sr_1_38?keywords=iphone&qid=1688831306&sr=8-38
Apple iPhone 14 (256 GB) - Starlight,"80,999",4.5 out of 5 stars,33,https://www.amazon.in/Apple-iPhone-14-256GB-Starlight/dp/B0BDJS3MRM/ref=sr_1_39?keywords=iphone&qid=1688831306&sr=8-39
Apple iPhone 12 (64GB) - Black,"53,999",4.5 out of 5 stars,"31,045",https://www.amazon.in/New-Apple-iPhone-12-64GB/dp/B08L5T3S7T/ref=sr_1_40?keywords=iphone&qid=1688831306&sr=8-40
Apple iPhone 13 Mini (256GB) - Pink,"74,899",4.5 out of 5 stars,"1,740",https://www.amazon.in/Apple-iPhone-13-Mini-256GB/dp/B09G9BJK4X/ref=sr_1_41?keywords=iphone&qid=1688831306&sr=8-41
Apple iPhone 13 Mini (512 GB) - Green,"89,999",4.5 out of 5 stars,"1,740",https://www.amazon.in/Apple-iPhone-13-Mini-512/dp/B09V44HD84/ref=sr_1_42?keywords=iphone&qid=1688831306&sr=8-42
Apple iPhone 14 Pro (512 GB) - Silver,"1,49,999",4.5 out of 5 stars,578,https://www.amazon.in/Apple-iPhone-Pro-512GB-Silver/dp/B0BDJDXLCD/ref=sr_1_43?keywords=iphone&qid=1688831306&sr=8-43
Apple iPhone 12 (256GB) - Green,"69,900",4.5 out of 5 stars,"31,045",https://www.amazon.in/New-Apple-iPhone-12-256GB/dp/B08L5VJM1K/ref=sr_1_44?keywords=iphone&qid=1688831306&sr=8-44
Apple iPhone 14 Plus (512 GB) - Blue,"1,07,999",4.5 out of 5 stars,875,https://www.amazon.in/Apple-iPhone-Plus-512GB-Blue/dp/B0BDJ55SNV/ref=sr_1_45?keywords=iphone&qid=1688831306&sr=8-45
Apple iPhone 14 (256 GB) - Blue,"89,900",4.6 out of 5 stars,54,https://www.amazon.in/Apple-iPhone-14-256GB-Blue/dp/B0BDJ1B1CS/ref=sr_1_46?keywords=iphone&qid=1688831306&sr=8-46
Apple iPhone 14 Pro Max (128 GB) - Silver,"1,27,999",4.5 out of 5 stars,652,https://www.amazon.in/Apple-iPhone-Pro-128GB-Silver/dp/B0BDJPYT2J/ref=sr_1_47?keywords=iphone&qid=1688831306&sr=8-47
Apple iPhone 14 Pro (256 GB) - Silver,"1,29,999",4.5 out of 5 stars,578,https://www.amazon.in/Apple-iPhone-Pro-256GB-Silver/dp/B0BDJ5HSFH/ref=sr_1_48?keywords=iphone&qid=1688831306&sr=8-48
Apple iPhone SE (128 GB) - Midnight (3rd Generation),"54,900",4.3 out of 5 stars,310,https://www.amazon.in/Apple-iPhone-SE-128-Generation/dp/B09V469LJN/ref=sr_1_49?keywords=iphone&qid=1688831308&sr=8-49
Apple iPhone 14 Pro Max (128 GB) - Gold,"1,27,999",4.5 out of 5 stars,652,https://www.amazon.in/Apple-iPhone-Pro-128GB-Gold/dp/B0BDJKL7KY/ref=sr_1_50?keywords=iphone&qid=1688831308&sr=8-50
Apple iPhone 14 Pro (256 GB) - Gold,"1,29,999",4.5 out of 5 stars,578,https://www.amazon.in/Apple-iPhone-Pro-256GB-Gold/dp/B0BDJ8WMV7/ref=sr_1_51?keywords=iphone&qid=1688831308&sr=8-51
Apple iPhone 14 (512 GB) - Purple,"1,00,999",5.0 out of 5 stars,1,https://www.amazon.in/Apple-iPhone-14-512GB-Purple/dp/B0BDJYHP2H/ref=sr_1_52?keywords=iphone&qid=1688831308&sr=8-52
Apple iPhone 14 (512 GB) - Starlight,"1,00,999",5.0 out of 5 stars,4,https://www.amazon.in/Apple-iPhone-14-512GB-Starlight/dp/B0BDJBXLSJ/ref=sr_1_53?keywords=iphone&qid=1688831308&sr=8-53
Apple iPhone 13 Mini (512GB) - Blue,"94,900",4.5 out of 5 stars,"1,740",https://www.amazon.in/Apple-iPhone-13-Mini-512GB/dp/B09G9C7C71/ref=sr_1_54?keywords=iphone&qid=1688831308&sr=8-54
Apple iPhone 14 Pro (1 TB) - Silver,"1,63,990",4.5 out of 5 stars,578,https://www.amazon.in/Apple-iPhone-Pro-1TB-Silver/dp/B0BDJH1NCQ/ref=sr_1_55?keywords=iphone&qid=1688831308&sr=8-55
Apple iPhone 14 Pro (512 GB) - Space Black,"1,59,900",4.5 out of 5 stars,578,https://www.amazon.in/Apple-iPhone-512GB-Space-Black/dp/B0BDJKF6G6/ref=sr_1_56?keywords=iphone&qid=1688831308&sr=8-56
Apple iPhone 13 Mini (512GB) - Pink,"89,999",4.5 out of 5 stars,"1,740",https://www.amazon.in/Apple-iPhone-13-Mini-512GB/dp/B09G997HJP/ref=sr_1_57?keywords=iphone&qid=1688831308&sr=8-57
Apple iPhone 12 (256GB) - (Product) RED,"69,900",4.5 out of 5 stars,"31,045",https://www.amazon.in/New-Apple-iPhone-12-256GB/dp/B08L5VXJ2V/ref=sr_1_58?keywords=iphone&qid=1688831308&sr=8-58
Apple iPhone 14 Plus (128 GB) - Yellow,"79,999",4.5 out of 5 stars,875,https://www.amazon.in/Apple-iPhone-14-Plus-128/dp/B0BXQ2GTKS/ref=sr_1_59?keywords=iphone&qid=1688831308&sr=8-59
Apple iPhone 14 Plus (256 GB) - Yellow,"89,999",4.5 out of 5 stars,875,https://www.amazon.in/Apple-iPhone-14-Plus-256/dp/B0BXQ21S3B/ref=sr_1_60?keywords=iphone&qid=1688831308&sr=8-60
Apple iPhone 14 Plus (512 GB) - Purple,"1,07,999",4.5 out of 5 stars,875,https://www.amazon.in/Apple-iPhone-Plus-512GB-Purple/dp/B0BDJ83Y4Z/ref=sr_1_61?keywords=iphone&qid=1688831308&sr=8-61
Apple iPhone SE (256 GB) - Midnight (3rd Generation),"64,900",4.3 out of 5 stars,310,https://www.amazon.in/Apple-iPhone-SE-256-Generation/dp/B09V45NGFD/ref=sr_1_62?keywords=iphone&qid=1688831308&sr=8-62
Apple iPhone 14 Pro Max (512 GB) - Silver,"1,57,999",4.5 out of 5 stars,652,https://www.amazon.in/Apple-iPhone-Pro-512GB-Silver/dp/B0BDJJDX3C/ref=sr_1_63?keywords=iphone&qid=1688831308&sr=8-63
Apple iPhone 13 Mini (512GB) - Starlight,"94,900",4.5 out of 5 stars,"1,740",https://www.amazon.in/Apple-iPhone-Mini-512GB-Starlight/dp/B09G98Z83G/ref=sr_1_64?keywords=iphone&qid=1688831308&sr=8-64
Apple iPhone 13 Mini (512GB) - Midnight,"94,900",4.5 out of 5 stars,"1,740",https://www.amazon.in/Apple-iPhone-13-Mini-512GB/dp/B09G9CRB53/ref=sr_1_65?keywords=iphone&qid=1688831309&sr=8-65
Apple iPhone SE (64 GB) - Midnight (3rd Generation),"49,900",4.3 out of 5 stars,310,https://www.amazon.in/Apple-iPhone-SE-64-Generation/dp/B09V44MF6K/ref=sr_1_66?keywords=iphone&qid=1688831309&sr=8-66
Apple iPhone 14 Pro Max (256 GB) - Silver,"1,37,999",4.5 out of 5 stars,652,https://www.amazon.in/Apple-iPhone-Pro-256GB-Silver/dp/B0BDJHC1VV/ref=sr_1_67?keywords=iphone&qid=1688831309&sr=8-67
Apple iPhone 14 Plus (512 GB) - Midnight,"1,07,999",4.5 out of 5 stars,875,https://www.amazon.in/Apple-iPhone-Plus-512GB-Midnight/dp/B0BDJGSK1J/ref=sr_1_68?keywords=iphone&qid=1688831309&sr=8-68
Apple iPhone 14 Plus (512 GB) - Starlight,"1,07,999",4.5 out of 5 stars,875,https://www.amazon.in/Apple-iPhone-Plus-512GB-Starlight/dp/B0BDJ9ZX8L/ref=sr_1_69?keywords=iphone&qid=1688831309&sr=8-69
Apple iPhone 14 (512 GB) - Midnight,"97,900",4.3 out of 5 stars,2,https://www.amazon.in/Apple-iPhone-14-512GB-Midnight/dp/B0BDJGX2XZ/ref=sr_1_70?keywords=iphone&qid=1688831309&sr=8-70
Apple iPhone SE (256 GB) - (Product) RED (3rd Generation),"64,900",4.3 out of 5 stars,310,https://www.amazon.in/Apple-iPhone-SE-256-Generation/dp/B09V4KMK8K/ref=sr_1_71?keywords=iphone&qid=1688831309&sr=8-71
Apple iPhone SE (256 GB) - Starlight (3rd Generation),"64,900",4.3 out of 5 stars,310,https://www.amazon.in/Apple-iPhone-256-Starlight-Generation/dp/B09V3MPSMF/ref=sr_1_72?keywords=iphone&qid=1688831309&sr=8-72
Apple iPhone 14 Pro Max (128 GB) - Deep Purple,"1,27,999",4.5 out of 5 stars,652,https://www.amazon.in/Apple-iPhone-128GB-Deep-Purple/dp/B0BDJH6GL8/ref=sr_1_73?keywords=iphone&qid=1688831309&sr=8-73
Apple iPhone 14 Pro (1 TB) - Gold,"1,63,990",4.5 out of 5 stars,578,https://www.amazon.in/Apple-iPhone-Pro-1TB-Gold/dp/B0BDJ54W8Y/ref=sr_1_74?keywords=iphone&qid=1688831309&sr=8-74
"OnePlus 11R 5G (Galactic Silver, 8GB RAM, 128GB Storage)","39,999",4.4 out of 5 stars,"5,413",https://www.amazon.in/OnePlus-Galactic-Silver-128GB-Storage/dp/B0BSNQ2KXF/ref=sr_1_75?keywords=iphone&qid=1688831309&sr=8-75
Apple iPhone SE (64 GB) - (Product) RED (3rd Generation),"49,900",4.3 out of 5 stars,310,https://www.amazon.in/Apple-iPhone-SE-64-Generation/dp/B09V3MM78Q/ref=sr_1_76?keywords=iphone&qid=1688831309&sr=8-76
Apple iPhone 14 Pro (1 TB) - Space Black,"1,63,990",4.5 out of 5 stars,578,https://www.amazon.in/Apple-iPhone-Pro-Space-Black/dp/B0BDJ1DFMT/ref=sr_1_77?keywords=iphone&qid=1688831309&sr=8-77
Apple iPhone 14 Plus (512 GB) - (Product) RED,"1,07,999",4.5 out of 5 stars,875,https://www.amazon.in/Apple-iPhone-Plus-512GB-Product/dp/B0BDHY5BHF/ref=sr_1_78?keywords=iphone&qid=1688831309&sr=8-78
Apple iPhone SE (128 GB) - (Product) RED (3rd Generation),"54,900",4.3 out of 5 stars,310,https://www.amazon.in/Apple-iPhone-SE-128-Generation/dp/B09V4843MY/ref=sr_1_79?keywords=iphone&qid=1688831309&sr=8-79
Apple iPhone 14 Pro Max (512 GB) - Gold,"1,57,999",4.5 out of 5 stars,652,https://www.amazon.in/Apple-iPhone-Pro-512GB-Gold/dp/B0BDJYGBC2/ref=sr_1_80?keywords=iphone&qid=1688831309&sr=8-80
cellables - Clear Mobile Phone Case for iPhone 14 Plus That is Compatible with Wireless Magnetic Charging,"1,299",,M.R.P: ,https://www.amazon.in/cellables-Compatible-Wireless-Magnetic-Charging/dp/B0C8T384XH/ref=sr_1_82?keywords=iphone&qid=1688831311&sr=8-82
Apple iPhone 14 Plus (512 GB) - Yellow,"1,09,999",4.5 out of 5 stars,875,https://www.amazon.in/Apple-iPhone-14-Plus-512/dp/B0BXQ1KHTM/ref=sr_1_83?keywords=iphone&qid=1688831311&sr=8-83
Apple iPhone 14 Pro (512 GB) - Gold,"1,45,990",4.5 out of 5 stars,578,https://www.amazon.in/Apple-iPhone-Pro-512GB-Gold/dp/B0BDJF3WKV/ref=sr_1_84?keywords=iphone&qid=1688831311&sr=8-84
"Teroxa Case Compatible with MagSafe for iPhone 14 Plus, Slide Cover Camera Lens Protection Soft TPU Bumper Shockproof Case with Magnets (Blue)","3,199",5.0 out of 5 stars,2,https://www.amazon.in/Case-Compatible-iPhone-14-Plus/dp/B0BFWFRWZK/ref=sr_1_85?keywords=iphone&qid=1688831311&sr=8-85
"Nillkin Polycarbonate For Iphone 14 Pro Case With Slide Camera Cover, Full Around Protection, [Anti-Fingerprint, Carbon Fiber Texture Anti-Scratch], Slim Shockproof Protective Case 6.1"", Deep Purple","1,080",4.3 out of 5 stars,18,https://www.amazon.in/Nillkin-Protection-Anti-Fingerprint-Anti-Scratch-Shockproof/dp/B0BHT1GBF8/ref=sr_1_86?keywords=iphone&qid=1688831311&sr=8-86
"Tecno Spark 10 (Meta Black, 8GB RAM,128GB Storage)|16GB Expandable RAM | 50MP AI Dual Rear Camera| 90Hz Refresh Rate 6.56"" HD+Dot Display","11,699",3.2 out of 5 stars,10,https://www.amazon.in/Tecno-Storage-Expandable-Refresh-Display/dp/B0C14LHTL7/ref=sr_1_87?keywords=iphone&qid=1688831311&sr=8-87
"OnePlus Nord CE 2 Lite 5G (Black Dusk, 6GB RAM, 128GB Storage)","17,999",4.2 out of 5 stars,"126,939",https://www.amazon.in/OnePlus-Nord-Black-128GB-Storage/dp/B09WQY65HN/ref=sr_1_88?keywords=iphone&qid=1688831311&sr=8-88
"OnePlus Nord CE 2 Lite 5G (Blue Tide, 6GB RAM, 128GB Storage)","17,999",4.2 out of 5 stars,"126,939",https://www.amazon.in/OnePlus-Nord-Lite-128GB-Storage/dp/B09WQYFLRX/ref=sr_1_89?keywords=iphone&qid=1688831311&sr=8-89
"Nillkin Tempered Glass for Apple iPhone 11 Pro Max (6.5"" Inch) Super T+ Pro 0.15mm Thinnest Explosion Proof Screen Protect","2,199",,M.R.P: ,https://www.amazon.in/Nillkin-Tempered-Thinnest-Explosion-Protect/dp/B07ZWYWLZD/ref=sr_1_90?keywords=iphone&qid=1688831311&sr=8-90
"Nillkin iPhone 14 Pro Case Compatible with Magsafe, Silicone Magnetic Case with Slide Camera Cover, Slim CamShield Silky Case for iPhone 14 Pro 6.1 inch, Purple","3,499",4.1 out of 5 stars,22,https://www.amazon.in/Nillkin-Compatible-Silicone-Magnetic-CamShield/dp/B0BDGFGH4H/ref=sr_1_91?keywords=iphone&qid=1688831311&sr=8-91
"Nillkin Case for Apple iPhone 14 / iPhone 13 (6.1"" Inch) Super Frosted Shield Pro Hard Back Soft Border (PC + TPU) Shock Absorb Cover Raised Bezel Camera Protect PC with Logo Cut Black Color",899,4.8 out of 5 stars,10,https://www.amazon.in/Nillkin-iPhone-Frosted-Shield-Protect/dp/B0BKSZ3V4B/ref=sr_1_92?keywords=iphone&qid=1688831311&sr=8-92
IKALL Z19 Pro 4G Smartphone | 6.5 Inch HD+ Display | 4GB RAM + 64GB Storage | Multi-Touch Capacitive Touch Screen | Expandable Memory 128GB | 1.6 Ghz Quad Core (Champagne),"7,978",3.0 out of 5 stars,28,https://www.amazon.in/IKALL-Z19-Pro-Smartphone-Multi-Touch/dp/B0C2CT2C38/ref=sr_1_93?keywords=iphone&qid=1688831311&sr=8-93
"Nillkin Case for Apple iPhone 14 Pro (6.1"" Inch) Adventurer Pro Camshield Camera Slider Military Rugged Grade Finish TPU + PC Tough Blue","1,799",5.0 out of 5 stars,1,https://www.amazon.in/Nillkin-iPhone-Adventurer-Camshield-Military/dp/B0BKSW4QZV/ref=sr_1_94?keywords=iphone&qid=1688831311&sr=8-94
Nillkin TPU+PC For Iphone 14 Pro Max Case with Slide Camera Cover [Lens Protection] Camshield Pro Anti-Scratch & Shockproof Protective Phone Case For Iphone 14 Pro Max 6.7 Inch - Blue,999,4.1 out of 5 stars,25,https://www.amazon.in/Nillkin-iPhone-Pro-Max-Case/dp/B0B8H4ZXCT/ref=sr_1_95?keywords=iphone&qid=1688831311&sr=8-95
"Wefor Compatible With Iphone 14|Iphone 13 Case 6.1 Inch With Camera Cover,Slim Fit Thin Polycarbonate Protective Shockproof Cover With Slide Camera Cover|Upgraded Case For Apple (Black)","2,499",4.9 out of 5 stars,23,https://www.amazon.in/Compatible-Polycarbonate-Protective-Shockproof-Upgraded/dp/B0BBN43YYJ/ref=sr_1_96?keywords=iphone&qid=1688831311&sr=8-96
"Nillkin Case for Apple iPhone 14 Pro Max (6.7"" Inch) Super Frosted Shield Pro Hard Back Soft Border (PC + TPU) Shock Absorb Cover Raised Bezel Camera Protect PC with Logo Cut Black",799,4.8 out of 5 stars,7,https://www.amazon.in/Nillkin-iPhone-Frosted-Shield-Protect/dp/B0BKSWDWT9/ref=sr_1_97?keywords=iphone&qid=1688831312&sr=8-97
"Nillkin Case for Apple iPhone 14 Pro (6.1"" Inch) Adventurer Pro Camshield Camera Slider Military Rugged Grade Finish TPU + PC Tough Black","1,799",5.0 out of 5 stars,1,https://www.amazon.in/Nillkin-iPhone-Adventurer-Camshield-Military/dp/B0BKSVY42N/ref=sr_1_98?keywords=iphone&qid=1688831312&sr=8-98
"Nillkin Case for Apple iPhone 14 / iPhone 13 (6.1"" Inch) Super Frosted Shield Pro Hard Back Soft Border (PC + TPU) Shock Absorb Cover Raised Bezel Camera Protect PC with Logo Cut Blue Color",999,5.0 out of 5 stars,2,https://www.amazon.in/Nillkin-iPhone-Frosted-Shield-Protect/dp/B0BKSW8ZTL/ref=sr_1_99?keywords=iphone&qid=1688831312&sr=8-99
"Google Pixel 6a 5G (Sage, 6GB RAM, 128GB Storage)","31,999",4.3 out of 5 stars,69,https://www.amazon.in/Google-Pixel-Sage-128GB-Storage/dp/B0B87XQRXX/ref=sr_1_100?keywords=iphone&qid=1688831312&sr=8-100
"Nillkin Case for Apple iPhone 11 Pro Max (6.5"" Inch) CamShield Armor Military Grade Camera Close & Open Double Layered Protection TPU + PC Finish with Kickstand Black Color","1,999",,M.R.P: ,https://www.amazon.in/Nillkin-CamShield-Military-Protection-Kickstand/dp/B08C7SQKPC/ref=sr_1_101?keywords=iphone&qid=1688831312&sr=8-101
"Nillkin for iPhone 14 / iPhone 13 Case Case with Slide Camera Cover, [Full Around Protection], [Anti-Fingerprint], [Carbon Fiber Texture Anti-Scratch], Slim Shockproof Protective Case 6.1"", Blue","1,299",5.0 out of 5 stars,3,https://www.amazon.in/Nillkin-Protection-Anti-Fingerprint-Anti-Scratch-Shockproof/dp/B0B9S68VPQ/ref=sr_1_102?keywords=iphone&qid=1688831312&sr=8-102
"WEFOR Nillkin Compatible For Iphone 12 Pro/Iphone 12 (6.1 Inch) Armor Case, [Built In Kickstand & Camera Lens Protector] Shockproof Hard Plastic Back Cover Case (Green,Iphone 12/Iphone 12 Pro 6.1"")","3,699",4.5 out of 5 stars,24,https://www.amazon.in/Nillkin-Compatible-Kickstand-Protector-Shockproof/dp/B08QZBJVXC/ref=sr_1_103?keywords=iphone&qid=1688831312&sr=8-103
"Nillkin for iPhone 14 Pro Max Case with Sliding Camera Cover,[Full Around Protection],[Anti-Fingerprint],[Carbon Fiber Texture Anti-Scratch],Slim Shockproof Protective 6.7"",Deep Purple(Polycarbonate)",990,4.0 out of 5 stars,21,https://www.amazon.in/Nillkin-Protection-Anti-Fingerprint-Anti-Scratch-Shockproof/dp/B0BHSZJDZZ/ref=sr_1_104?keywords=iphone&qid=1688831312&sr=8-104
"Nillkin Tempered Glass for Apple iPhone 7 Plus (5.5"" Inch) 3D XD CP+ Max Glass 0.1mm Thin Edge Shaterproof Full Screen Coverage Explosion Proof Screen Protect White Color","1,999",,M.R.P: ,https://www.amazon.in/Nillkin-Tempered-Shaterproof-Coverage-Explosion/dp/B07HMW8Y57/ref=sr_1_105?keywords=iphone&qid=1688831312&sr=8-105
"Samsung Galaxy Note10+ (Aura Black, 12GB RAM, 256GB Storage)","54,900",4.4 out of 5 stars,684,https://www.amazon.in/Samsung-Galaxy-Note10-Storage-Without/dp/B07PQ7DLVP/ref=sr_1_106?keywords=iphone&qid=1688831312&sr=8-106
"Nillkin Case for Apple iPhone 14 Pro (6.1"" Inch) Super Frosted Shield Pro Hard Back Soft Border (PC + TPU) Shock Absorb Cover Raised Bezel Camera Protect PC with Logo Cut Purple",699,5.0 out of 5 stars,5,https://www.amazon.in/Nillkin-iPhone-Frosted-Shield-Protect/dp/B0BKSW8QVT/ref=sr_1_107?keywords=iphone&qid=1688831312&sr=8-107
"Nillkin Case for Apple iPhone 12 Pro Max (6.7"" Inch) CamShield Silky Soft Liquid Silicon + PC Finish Camera Close & Open Inner Microfiber Lining Pink","1,299",,M.R.P: ,https://www.amazon.in/Nillkin-iPhone-CamShield-Silicon-Microfiber/dp/B093LMB5BX/ref=sr_1_108?keywords=iphone&qid=1688831312&sr=8-108
"Nillkin Tempered Glass for Apple iPhone 8 / Apple iPhone SE2 SE 2 iPhone SE 2020 (4.7"" Inch) 3D CP+ Max Glass 0.1mm thin Edge Shaterproof Full Screen Coverage Explosion Proof Screen protect Black Color","1,499",,M.R.P: ,https://www.amazon.in/Nillkin-Tempered-Shaterproof-Coverage-Explosion/dp/B07933YXC2/ref=sr_1_109?keywords=iphone&qid=1688831312&sr=8-109
"Nillkin Case for Apple iPhone 13 Mini (5.4"" Inch) Camshield Pro Magnetic Case Works with Magsafe Charger Camera Slider Double Layered Protection TPU + PC Black","2,999",5.0 out of 5 stars,1,https://www.amazon.in/Nillkin-Camshield-Magnetic-Magsafe-Protection/dp/B09NR7JQG8/ref=sr_1_110?keywords=iphone&qid=1688831312&sr=8-110
"Nillkin Case for Apple iPhone 12 Pro Max (6.7"" Inch) Cyclops Metal Stand Camera Protect Case Soft TPU Edge + Translucent PC Hard Back Dark Green Color","1,999",4.4 out of 5 stars,13,https://www.amazon.in/Nillkin/dp/B08NVQRFJ4/ref=sr_1_111?keywords=iphone&qid=1688831312&sr=8-111
"Nillkin Case for Apple iPhone 13 Pro (6.1"" Inch) Super Frosted Shield Pro Hard Back Soft Border Raised Bezel Camera Protect PC with Logo Cut Black","1,150",,M.R.P: ,https://www.amazon.in/Nillkin-iPhone-Frosted-Shield-Protect/dp/B0BZVBL6T9/ref=sr_1_112?keywords=iphone&qid=1688831312&sr=8-112
"Nillkin Case for Apple iPhone 13 Pro (6.1"" Inch) Super Frosted Shield Pro Hard Back Soft Border Raised Bezel Camera Protect PC with Logo Cut Black","1,150",,M.R.P: ,https://www.amazon.in/Nillkin-iPhone-Frosted-Shield-Protect/dp/B0BZVBL6T9/ref=sr_1_113?keywords=iphone&qid=1688831314&sr=8-113
"Google Pixel 7 Pro 5G (Snow, 12GB RAM, 256GB Storage)","81,499",4.3 out of 5 stars,80,https://www.amazon.in/Google-Pixel-Snow-256GB-Storage/dp/B0BCQXG46W/ref=sr_1_114?keywords=iphone&qid=1688831314&sr=8-114
"Nillkin Designed for iPhone 14 Plus Case Stand, Built in Rotatable Kickstand & Slide Camera Cover Shockproof Hard Plastic Back & Heavy Duty Bumper Protective Phone Case for iPhone 14 Plus 6.7'' Black","4,199",3.7 out of 5 stars,4,https://www.amazon.in/Nillkin-Rotatable-Kickstand-Shockproof-Protective/dp/B0B9SDJ5BK/ref=sr_1_115?keywords=iphone&qid=1688831314&sr=8-115
"Nillkin Tempered Glass for Apple iPhone 8 Plus (5.5"" Inch) 3D XD CP+ Max Glass 0.1mm Thin Edge Shaterproof Full Screen Coverage Explosion Proof Screen Protect Black Color","1,999",5.0 out of 5 stars,1,https://www.amazon.in/Nillkin-Tempered-Shaterproof-Coverage-Explosion/dp/B07HMN2YZ1/ref=sr_1_116?keywords=iphone&qid=1688831314&sr=8-116
"LAUT - L_IP20S_EX_SL- EXOFRAME iPhone 2020 5.4"" iPhone 12 Mini - Silver",750,4.0 out of 5 stars,1,https://www.amazon.in/LAUT-L_IP20S_EX_SL-EXOFRAME-iPhone-Silver/dp/B08L8QK1GV/ref=sr_1_117?keywords=iphone&qid=1688831314&sr=8-117
"Compatible with iPhone 14 Pro Case 6.1 inch with Camera Cover,Slim Fit Thin Polycarbonate Protective Shockproof Cover with Slide Camera Cover, Upgraded Case for Apple iPhone 14 Pro (Black)","1,499",4.8 out of 5 stars,149,https://www.amazon.in/Compatible-Polycarbonate-Protective-Shockproof-Upgraded/dp/B0BBN8CTCG/ref=sr_1_118?keywords=iphone&qid=1688831314&sr=8-118
"Nillkin Tempered Glass for Apple iPhone 13 / iPhone 14 (6.1"" Inch) 2 in 1 Full Glass Covers Screen Shatterproof + Camera 360 Protective Film Black Color","2,999",,M.R.P: ,https://www.amazon.in/Nillkin-Screen-Tempered-Protector-Compatible/dp/B09LZ8MYFP/ref=sr_1_119?keywords=iphone&qid=1688831314&sr=8-119
"Nillkin Case for Apple iPhone 14 Pro Max (6.7"" Inch) Super Frosted Shield Pro Hard Back Soft Border (PC + TPU) Shock Absorb Cover Raised Bezel Camera Protect PC with Logo Cut Purple",799,2.0 out of 5 stars,3,https://www.amazon.in/Nillkin-iPhone-Frosted-Shield-Protect/dp/B0BKSV47L8/ref=sr_1_120?keywords=iphone&qid=1688831314&sr=8-120
"Nillkin Case for Apple iPhone 14 / iPhone 13 (6.1"" Inch) CamShield Pro Camera Slider Double Layered Protection TPU + PC Blue Color",950,5.0 out of 5 stars,4,https://www.amazon.in/Nillkin-iPhone-CamShield-Layered-Protection/dp/B0BFJCB77Z/ref=sr_1_121?keywords=iphone&qid=1688831314&sr=8-121
"Nillkin iPhone 14 Pro Max Case Compatible with Magsafe, Silicone Magnetic Case with Slide Camera Cover, Slim CamShield Silky Case for iPhone 14 Pro Max 6.7 inch, Black","4,499",4.3 out of 5 stars,14,https://www.amazon.in/Nillkin-Compatible-Silicone-Magnetic-CamShield/dp/B0BDFTCF5R/ref=sr_1_122?keywords=iphone&qid=1688831314&sr=8-122
"Nillkin Case for Apple iPhone 14 / iPhone 13 (6.1"" Inch) CamShield Armor Pro Camera Slider Military 180° Rotate Ring Stand Wireless Charging TPU + PC Kickstand Black Color","1,999",5.0 out of 5 stars,1,https://www.amazon.in/Nillkin-CamShield-Military-Wireless-Kickstand/dp/B0BFJFSD5F/ref=sr_1_123?keywords=iphone&qid=1688831314&sr=8-123
"Nillkin Case for Apple iPhone 14 Plus (6.7"" Inch) Super Frosted Shield Pro Hard Back Soft Border (PC + TPU) Shock Absorb Cover Raised Bezel Camera Protect PC Without Logo Cut Black",796,4.3 out of 5 stars,6,https://www.amazon.in/Nillkin-iPhone-Frosted-Protect-Without/dp/B0BDX82CQD/ref=sr_1_124?keywords=iphone&qid=1688831314&sr=8-124
"OnePlus Nord 2T 5G (Gray Shadow, 8GB RAM, 128GB Storage)","28,999",4.3 out of 5 stars,"26,962",https://www.amazon.in/OnePlus-Nord-Shadow-128GB-Storage/dp/B0B3CQBRB4/ref=sr_1_125?keywords=iphone&qid=1688831314&sr=8-125
"Nillkin Case for Apple iPhone 14 Pro (6.1"" Inch) Super Frosted Shield Pro Hard Back Soft Border (PC + TPU) Shock Absorb Cover Raised Bezel Camera Protect PC with Logo Cut Black",779,4.8 out of 5 stars,9,https://www.amazon.in/Nillkin-iPhone-Frosted-Shield-Protect/dp/B0BKSWXH1M/ref=sr_1_126?keywords=iphone&qid=1688831314&sr=8-126
"Nillkin Case for Apple iPhone 14 Pro Max (6.7"" Inch) CamShield Pro Camera Slider Double Layered Protection TPU + PC Blue Color",899,5.0 out of 5 stars,2,https://www.amazon.in/Nillkin-iPhone-CamShield-Layered-Protection/dp/B0BFJDX3FD/ref=sr_1_127?keywords=iphone&qid=1688831314&sr=8-127
"Nillkin for iPhone 14 Pro Magnetic Case Compatible with Magsafe, Sliding Camera Cover, [Full Around Protection], [Anti-Fingerprint], [Anti-Scratch], Slim Shockproof Protective Case 6.1"", Navy Blue","2,699",4.5 out of 5 stars,14,https://www.amazon.in/Nillkin-Compatible-Protection-Anti-Fingerprint-Anti-Scratch/dp/B0BF53CJGP/ref=sr_1_128?keywords=iphone&qid=1688831314&sr=8-128
"Nillkin iPhone 14 Pro Case Compatible with Magsafe, Silicone Magnetic Case with Slide Camera Cover, Slim CamShield Silky Case for iPhone 14 Pro 6.1 inch, Midnight Blue","3,499",4.1 out of 5 stars,22,https://www.amazon.in/Nillkin-Compatible-Silicone-Magnetic-CamShield/dp/B0BDFWKGH9/ref=sr_1_129?keywords=iphone&qid=1688831316&sr=8-129
"Nillkin Case for Apple iPhone 14 / iPhone 13 (6.1"" Inch) Super Frosted Shield Pro Hard Back Soft Border (PC + TPU) Shock Absorb Cover Raised Bezel Camera Protect PC with Logo Cut Blue","1,199",,M.R.P: ,https://www.amazon.in/Nillkin-iPhone-Frosted-Shield-Protect/dp/B0BKSVTRTG/ref=sr_1_130?keywords=iphone&qid=1688831316&sr=8-130
"Nillkin Case for iPhone 14 / iPhone 13 Case with Stand, Slide Camera Cover, Military Grade Shockproof Portective Case Compatible with MagSafe Wireless Charger&Magnetic Car Mount Holder","2,499",4.4 out of 5 stars,72,https://www.amazon.in/Nillkin-Military-Shockproof-Portective-Compatible/dp/B0BBVD5KBZ/ref=sr_1_131?keywords=iphone&qid=1688831316&sr=8-131
"realme narzo N55 (Prime Blue, 4GB+64GB) 33W Segment Fastest Charging | Super High-res 64MP Primary AI Camera","10,999",4.1 out of 5 stars,"3,524",https://www.amazon.in/realme-Segment-Fastest-Charging-High-res/dp/B0BZ479WZD/ref=sr_1_132?keywords=iphone&qid=1688831316&sr=8-132
"Nillkin Case for Apple iPhone 14 Plus (6.7"" Inch) Adventurer Pro Camshield Camera Slider Military Rugged Grade Finish TPU + PC Tough Blue","1,799",,M.R.P: ,https://www.amazon.in/Nillkin-iPhone-Adventurer-Camshield-Military/dp/B0BKSW9WHJ/ref=sr_1_133?keywords=iphone&qid=1688831316&sr=8-133
"Nillkin Case for Apple iPhone 14 Pro Max (6.7"" Inch) CamShield Armor Pro Camera Slider Military 180° Rotate Ring Stand Wireless Charging TPU + PC Kickstand Green","3,499",,M.R.P: ,https://www.amazon.in/Nillkin-CamShield-Military-Wireless-Kickstand/dp/B0BFJCDDHP/ref=sr_1_134?keywords=iphone&qid=1688831316&sr=8-134
"Nillkin Camshield Pro Cyclops Clear Case Compatible with iPhone 12 Pro Max, Slim Protective Cover Case Spin Camera Protector Hard PC & TPU Phone Case for Phone 12 Pro Max 6.7'' Green","1,999",4.2 out of 5 stars,16,https://www.amazon.in/Nillkin-Camshield-Compatible-Protective-Protector/dp/B08MX8DD8D/ref=sr_1_135?keywords=iphone&qid=1688831316&sr=8-135
"Nillkin Case for Apple iPhone 14 Plus (6.7"" Inch) Super Frosted Shield Pro Hard Back Soft Border (PC + TPU) Shock Absorb Cover Raised Bezel Camera Protect PC Without Logo Cut Black",899,3.0 out of 5 stars,2,https://www.amazon.in/Nillkin-iPhone-Frosted-Protect-Without/dp/B0BFJFL2YV/ref=sr_1_136?keywords=iphone&qid=1688831316&sr=8-136
"Vivo Y100 5G (Pacific Blue, 8GB RAM, 128GB Storage) with No Cost EMI/Additional Exchange Offers","23,999",4.1 out of 5 stars,169,https://www.amazon.in/Vivo-Pacific-Storage-Additional-Exchange/dp/B07WHRLCZ8/ref=sr_1_137?keywords=iphone&qid=1688831316&sr=8-137
"Nillkin Tempered Glass for Apple iPhone 12 (6.1"" Inch) 2 in 1 Full Glass Covers Screen Shatterproof + Camera 360 Protective Film Black Color","2,499",,M.R.P: ,https://www.amazon.in/Nillkin-Tempered-iPhone-Shatterproof-Protective/dp/B08VRPNFJF/ref=sr_1_138?keywords=iphone&qid=1688831316&sr=8-138
"Nillkin Compatible with Iphone 12 Mini Case Series Case with Slide Camera Cove,[Hard Pc And Tpu] Protective Case 360° Protect Built Case For Iphone 12 Mini (5.4'' 2020) Green","2,499",4.4 out of 5 stars,324,https://www.amazon.in/Nillkin-Compatible-iPhone-Protective-Protect/dp/B08HHVM9WM/ref=sr_1_139?keywords=iphone&qid=1688831316&sr=8-139
"Nillkin iPhone 14 Pro Case Compatible with Magsafe, CamShield Pro Magnetic Case with Slide Camera Cover, Slim Fit Thin Shockproof Cover 6.1 inch, Built-in Magnet Circle - Blue","3,499",4.5 out of 5 stars,5,https://www.amazon.in/Nillkin-Compatible-CamShield-Magnetic-Shockproof/dp/B0BB25BFZQ/ref=sr_1_140?keywords=iphone&qid=1688831316&sr=8-140
"Nillkin Case for Apple iPhone 14 Pro Max (6.7"" Inch) Super Frosted Shield Pro Magnetic Hard Back Soft Border (PC + TPU) Cover Raised Bezel Camera Without Logo Cut Black","1,399",,M.R.P: ,https://www.amazon.in/Nillkin-iPhone-Frosted-Magnetic-Without/dp/B0BFKSX3J6/ref=sr_1_141?keywords=iphone&qid=1688831316&sr=8-141
"Nillkin Case for Apple iPhone 13 (6.1"" Inch) Super Frosted Shield Pro Hard Back Soft Border (PC + TPU) Shock Absorb Cover Raised Bezel Camera Protect PC with Logo Cut Black","1,149",4.1 out of 5 stars,16,https://www.amazon.in/Nillkin-iPhone-Frosted-Shield-Protect/dp/B0B5XQ5324/ref=sr_1_142?keywords=iphone&qid=1688831316&sr=8-142
"Nillkin Thermoplastic Polyurethane Camshield Armor For Iphone 14 Pro Case Built In Slide Camera Cover & Upgraded Kickstand, Military Grade Shockproof Protection Bumper Phone Case 6.1 Inch Black","2,899",4.4 out of 5 stars,47,https://www.amazon.in/Nillkin-Rotatable-Kickstand-Shockproof-Protective/dp/B0B9SFQ3R5/ref=sr_1_143?keywords=iphone&qid=1688831316&sr=8-143
"imluckies Magnetic Silicone case for 6.1"" iPhone 14 Pro with Slide Camera Cover, Built-in Magnets Support, for Magsafe Faster Charging, Premium Liquid Silicone Phone Cover (2022) - Green","1,799",4.3 out of 5 stars,25,https://www.amazon.in/imluckies-Magnetic-Silicone-Magnets-Charging/dp/B0BJKG72DK/ref=sr_1_144?keywords=iphone&qid=1688831316&sr=8-144
"OnePlus 11R 5G (Sonic Black, 8GB RAM, 128GB Storage)","39,999",4.4 out of 5 stars,"5,413",https://www.amazon.in/OnePlus-Sonic-Black-128GB-Storage/dp/B0BSNP46QP/ref=sr_1_145?keywords=iphone&qid=1688831318&sr=8-145
"Apple iPhone 14 Pro 15.54 cm (6.1-inch) Super Retina XDR Display Featuring Always-On and Promotion Dynamic Island, a Magical New Way to Interact with iPhone 48MP Main Camera (256, Deep Purple, New)","1,49,000",,M.R.P: ,https://www.amazon.in/6-1-inch-Display-Featuring-Promotion-Interact/dp/B0BXXMDD1F/ref=sr_1_146?keywords=iphone&qid=1688831318&sr=8-146
Nillkin Camshield For Iphone 14|Iphone 13 Case|Built In Slide Camera Cover Case With Lens Protection Anti-Scratch Hard Pc & Tpu Slim Shockproof Protective Phone Case 6.1'' Blue,"1,299",5.0 out of 5 stars,1,https://www.amazon.in/Nillkin-Protection-Anti-Scratch-Shockproof-Protective/dp/B0B8HZJS9H/ref=sr_1_147?keywords=iphone&qid=1688831318&sr=8-147
"Nillkin Case for Apple iPhone 14 Pro Max (6.7"" Inch) Striker S Camshield Semi Automatic Camera Slider Honeycomb Texture Silicone Lifted Bezel TPU + PC","3,999",,M.R.P: ,https://www.amazon.in/Nillkin-Camshield-Automatic-Honeycomb-Silicone/dp/B0BFJG95MB/ref=sr_1_148?keywords=iphone&qid=1688831318&sr=8-148
"Nillkin Case for Apple iPhone 14 / iPhone 13 (6.1"" Inch) Nature TPU Pro Border + PC Back & Impact Resist Edges Soft Flexible Purple Color","1,199",,M.R.P: ,https://www.amazon.in/Nillkin-iPhone-Nature-Border-Flexible/dp/B0BKSS6K11/ref=sr_1_149?keywords=iphone&qid=1688831318&sr=8-149
"Nillkin Case for Apple iPhone 14 / iPhone 13 (6.1"" Inch) CamShield Armor Pro Camera Slider Military 180° Rotate Ring Stand Wireless Charging TPU + PC Kickstand Green Color","1,999",,M.R.P: ,https://www.amazon.in/Nillkin-CamShield-Military-Wireless-Kickstand/dp/B0BFJWTSCD/ref=sr_1_150?keywords=iphone&qid=1688831318&sr=8-150
"Nillkin Case for Apple iPhone 14 Pro (6.1"" Inch) Super Frosted Shield Pro Hard Back Soft Border (PC + TPU) Shock Absorb Cover Raised Bezel Camera Protect PC Without Logo Cut Blue",899,4.0 out of 5 stars,2,https://www.amazon.in/Nillkin-iPhone-Frosted-Protect-Without/dp/B0BDX6ZTGH/ref=sr_1_151?keywords=iphone&qid=1688831318&sr=8-151
"Nillkin Case for Apple iPhone 12 / iPhone 12 Pro (6.1"" Inch) Super Frosted Shield Pro Hard Back Soft Border (PC + TPU) Shock Absorb Cover Raised Bezel Camera Protect PC with Logo Cut Black","1,089",3.9 out of 5 stars,34,https://www.amazon.in/Nillkin-iPhone-Frosted-Shield-Protect/dp/B09872J1J8/ref=sr_1_152?keywords=iphone&qid=1688831318&sr=8-152
"Nillkin Silicone Case For Apple Iphone 14 Pro Max (6.7"" Inch) Camshield Silky Soft Liquid Silicon + Pc Finish Camera Slider Magnetic Works with Magsafe Charger Inside Microfibre Grey","1,799",,M.R.P: ,https://www.amazon.in/Nillkin-CamShield-Silicon-Magnetic-Microfibre/dp/B0BKSTMPJR/ref=sr_1_153?keywords=iphone&qid=1688831318&sr=8-153
"Nillkin Case for Apple iPhone 14 / iPhone 13 (6.1"" Inch) CamShield Silky Soft Liquid Silicon + PC Finish Camera Slider Magnetic Works with Magsafe Charger Inside Microfibre Dark Purple Color","1,799",,M.R.P: ,https://www.amazon.in/Nillkin-CamShield-Silicon-Magnetic-Microfibre/dp/B0BKSXLC1T/ref=sr_1_154?keywords=iphone&qid=1688831318&sr=8-154
"Nillkin Case for Apple iPhone 14 / iPhone 13 (6.1"" Inch) Synthetic Fiber S Camshield Camera Semi Automatic Aramid Carbon Tough Waterproof Light Weight Protect Black Color","1,999",,M.R.P: ,https://www.amazon.in/Nillkin-Synthetic-Camshield-Automatic-Waterproof/dp/B0BFKPG4ZH/ref=sr_1_155?keywords=iphone&qid=1688831318&sr=8-155
"Nillkin Case for Apple iPhone 14 / iPhone 13 (6.1"" Inch) Super Frosted Shield Pro Hard Back Soft Border (PC + TPU) Shock Absorb Cover Raised Bezel Camera Protect PC Without Logo Cut Green Color","1,099",5.0 out of 5 stars,2,https://www.amazon.in/Nillkin-iPhone-Frosted-Protect-Without/dp/B0BDX76X2Q/ref=sr_1_156?keywords=iphone&qid=1688831318&sr=8-156
"Nillkin Case for Apple iPhone 14 / iPhone 13 (6.1"" Inch) CamShield Armor Pro Camera Slider Magnetic Works with Magsafe Military 180° Rotate Ring Kick Stand Wireless Charging + PC Black","2,499",,M.R.P: ,https://www.amazon.in/Nillkin-CamShield-Magnetic-Military-Wireless/dp/B0BFJD17LJ/ref=sr_1_157?keywords=iphone&qid=1688831318&sr=8-157
"LAUT - L_IP20S_CM_R - Crystal Matter iPhone 2020 5.4"" iPhone 12 Mini - Crimson",500,,,https://www.amazon.in/LAUT-L_IP20S_CM_R-Crystal-Matter-Crimson/dp/B08L7DM92K/ref=sr_1_158?keywords=iphone&qid=1688831318&sr=8-158
"Nillkin Case for Apple iPhone 14 / iPhone 13 (6.1"" Inch) Striker S Magnetic Works with Magsafe Camshield Semi Automatic Camera Slider Honeycomb Texture Silicone Lifted Bezel TPU + PC Blue Green","1,999",,M.R.P: ,https://www.amazon.in/Nillkin-Magnetic-Camshield-Automatic-Honeycomb/dp/B0BH15M846/ref=sr_1_159?keywords=iphone&qid=1688831318&sr=8-159
"LAUT - L_IP20S_EX_BK- EXOFRAME iPhone 2020 5.4"" iPhone 12 Mini - Gun Metal",500,,,https://www.amazon.in/LAUT-L_IP20S_EX_BK-EXOFRAME-iPhone-Metal/dp/B08LMZJ61S/ref=sr_1_160?keywords=iphone&qid=1688831318&sr=8-160
"LAUT - L_IP20S_EX_BK- EXOFRAME iPhone 2020 5.4"" iPhone 12 Mini - Gun Metal",500,,,https://www.amazon.in/LAUT-L_IP20S_EX_BK-EXOFRAME-iPhone-Metal/dp/B08LMZJ61S/ref=sr_1_161?keywords=iphone&qid=1688831319&sr=8-161
"Nillkin Case for Apple iPhone 14 Pro (6.1"" Inch) CamShield Silky Soft Liquid Silicon + PC Finish Camera Slider Inner Microfiber Dark Purple","1,999",,M.R.P: ,https://www.amazon.in/Nillkin-iPhone-CamShield-Silicon-Microfiber/dp/B0BKSYCP9V/ref=sr_1_162?keywords=iphone&qid=1688831319&sr=8-162
"Nillkin Case for Apple iPhone 13 Pro Max (6.7"" Inch) Super Frosted Shield Pro Hard Back Soft Border (PC + TPU) Shock Absorb Cover Raised Bezel Camera Protect PC with Logo Cut Black","1,140",3.7 out of 5 stars,9,https://www.amazon.in/Nillkin-iPhone-Frosted-Shield-Protect/dp/B0B5XQD43Y/ref=sr_1_163?keywords=iphone&qid=1688831319&sr=8-163
"Mangix for iPhone 14 Pro Max Case with Camera Cover,Slim Fit Thin Polycarbonate Protective Shockproof Cover with Slide Camera Cover, Upgraded Case for Apple iPhone 14 Pro Max (Blue)","1,999",4.5 out of 5 stars,2,https://www.amazon.in/Mangix-Polycarbonate-Protective-Shockproof-Upgraded/dp/B0BG461X4V/ref=sr_1_164?keywords=iphone&qid=1688831319&sr=8-164
"Nillkin Case for Apple iPhone 14 Pro Max (6.7"" Inch) Nature TPU Pro Magnetic Works with Magsafe Charger Hard Borders + PC Back & Impact Resist Edges Soft Flexible Blue Color","1,499",,M.R.P: ,https://www.amazon.in/Nillkin-Magnetic-Magsafe-Charger-Flexible/dp/B0BFJF8XP4/ref=sr_1_165?keywords=iphone&qid=1688831319&sr=8-165
"Nillkin Case for Apple iPhone 14 / iPhone 13 (6.1"" Inch) CamShield Armor Pro Camera Slider Military 180° Rotate Ring Stand Wireless Charging TPU + PC Kickstand Blue Color","1,999",,M.R.P: ,https://www.amazon.in/Nillkin-CamShield-Military-Wireless-Kickstand/dp/B0BFJDT9TZ/ref=sr_1_166?keywords=iphone&qid=1688831319&sr=8-166
"Nillkin Case for Apple iPhone 14 Pro Max (6.7"" Inch) Textured S Camshield Semi Automatic Camera Slider Nylon Fiber Tough & Durable PC + TPU Material Luxury Protect Black","1,599",,M.R.P: ,https://www.amazon.in/Nillkin-Textured-Camshield-Automatic-Material/dp/B0BFJCNNHB/ref=sr_1_167?keywords=iphone&qid=1688831319&sr=8-167
"Vivo Y16 (Drizzling Gold, 4GB RAM, 128GB Storage) with No Cost EMI/Additional Exchange Offers","12,999",3.9 out of 5 stars,38,https://www.amazon.in/Vivo-Drizzling-Storage-Additional-Exchange/dp/B07WJW747N/ref=sr_1_168?keywords=iphone&qid=1688831319&sr=8-168
"Nillkin Case for Apple iPhone 14 Pro Max (6.7"" Inch) CamShield Silky Soft Liquid Silicon + PC Finish Camera Slider Inner Microfiber Black","1,999",,M.R.P: ,https://www.amazon.in/Nillkin-iPhone-CamShield-Silicon-Microfiber/dp/B0BFJCL2YX/ref=sr_1_169?keywords=iphone&qid=1688831319&sr=8-169
"Samsung Galaxy S23 5G (Phantom Black, 8GB, 256GB Storage)","79,999",4.5 out of 5 stars,"1,192",https://www.amazon.in/Samsung-Galaxy-Phantom-Black-Storage/dp/B0BT9FZZKP/ref=sr_1_170?keywords=iphone&qid=1688831319&sr=8-170
"Nillkin Case for Apple iPhone 13 (6.1"" Inch) Super Frosted Shield Pro Hard Back Soft Border (PC + TPU) Shock Absorb Cover Raised Bezel Camera Protect PC Without Logo Cut Blue",999,4.8 out of 5 stars,7,https://www.amazon.in/Nillkin-iPhone-Frosted-Protect-Without/dp/B09HXYP1WZ/ref=sr_1_171?keywords=iphone&qid=1688831319&sr=8-171
"Nillkin Case for Apple iPhone 14 / iPhone 13 (6.1"" Inch) CamShield Silky Soft Liquid Silicon + PC Finish Camera Slider Inner Microfiber Black Color","2,499",,M.R.P: ,https://www.amazon.in/Nillkin-iPhone-CamShield-Silicon-Microfiber/dp/B0BFJF44RZ/ref=sr_1_172?keywords=iphone&qid=1688831319&sr=8-172
"Nillkin Case for Apple iPhone 14 / iPhone 13 (6.1"" Inch) Textured S Magnetic Works with Magsafe Camshield Semi Automatic Camera Slider Nylon Fiber Tough & Durable PC + TPU Blue Color","1,799",,M.R.P: ,https://www.amazon.in/Nillkin-Textured-Magnetic-Camshield-Automatic/dp/B0BKSX3W8Y/ref=sr_1_173?keywords=iphone&qid=1688831319&sr=8-173
"Nillkin Case for Apple iPhone 14 Plus (6.7"" Inch) Super Frosted Shield Pro Hard Back Soft Border (PC + TPU) Shock Absorb Cover Raised Bezel Camera Protect PC with Logo Cut Black Color",899,,M.R.P: ,https://www.amazon.in/Nillkin-iPhone-Frosted-Shield-Protect/dp/B0BMQGBP46/ref=sr_1_174?keywords=iphone&qid=1688831319&sr=8-174
"OnePlus 11R 5G (Galactic Silver, 16GB RAM, 256GB Storage)","44,999",4.4 out of 5 stars,"5,413",https://www.amazon.in/OnePlus-Galactic-Silver-256GB-Storage/dp/B0BSNNYHY5/ref=sr_1_175?keywords=iphone&qid=1688831319&sr=8-175
"Nillkin Case for Apple iPhone 14 Plus (6.7"" Inch) Qin Pro Camshield Camera Slider Genuine Classic Leather Flip Folio + Card Slot Red Color","1,499",,M.R.P: ,https://www.amazon.in/Nillkin-Camshield-Genuine-Classic-Leather/dp/B0BFJQYCDP/ref=sr_1_176?keywords=iphone&qid=1688831319&sr=8-176
"Nillkin Case for Apple iPhone 14 Pro Max (6.7"" Inch) Camshield Pro Magnetic Case Works with Magsafe Charger Camera Slider Double Layered Protection TPU + PC Blue","2,999",,M.R.P: ,https://www.amazon.in/Nillkin-Camshield-Magnetic-Magsafe-Protection/dp/B0BFJDGQPP/ref=sr_1_177?keywords=iphone&qid=1688831321&sr=8-177
"Nillkin Case for Apple iPhone 14 Pro (6.1"" Inch) CamShield Silky Soft Liquid Silicon + PC Finish Camera Slider Magnetic Works with Magsafe Charger Inside Microfibre Purple","4,199",,M.R.P: ,https://www.amazon.in/Nillkin-CamShield-Silicon-Magnetic-Microfibre/dp/B0BFJF31Y2/ref=sr_1_178?keywords=iphone&qid=1688831321&sr=8-178
"Nillkin Case for Apple iPhone 14 / iPhone 13 (6.1"" Inch) CamShield Silky Soft Liquid Silicon + PC Finish Camera Slider Inner Microfiber Haze Blue Color","1,499",,M.R.P: ,https://www.amazon.in/Nillkin-iPhone-CamShield-Silicon-Microfiber/dp/B0BKSZB5LL/ref=sr_1_179?keywords=iphone&qid=1688831321&sr=8-179
"Nillkin Case for Apple iPhone 13 Pro (6.1"" Inch) Synthetic Aramid Carbon Fiber Tough Waterproof Light Weight Black Color","3,399",,M.R.P: ,https://www.amazon.in/Nillkin-iPhone-Synthetic-Aramid-Waterproof/dp/B09HXXKZ2K/ref=sr_1_180?keywords=iphone&qid=1688831321&sr=8-180
"Nillkin for iPhone 14 Pro Max Magnetic Case, [Military Grade Protection & Compatible with MagSafe], CamShield Armor 14 Pro Max 5G Case 6.7’’, with Slide Camera Cover,Built-in Magnet Circle (Black)","5,499",3.8 out of 5 stars,37,https://www.amazon.in/Nillkin-Magnetic-Protection-Compatible-CamShield/dp/B0BBMK4F57/ref=sr_1_181?keywords=iphone&qid=1688831321&sr=8-181
"Nillkin for iPhone 14 Pro Case with Slide Camera Cover, [Full Around Protection], [Anti-Fingerprint], [Carbon Fiber Texture Anti-Scratch], Slim Shockproof Protective Case 6.1"", Black (Polycarbonate)","1,070",4.6 out of 5 stars,43,https://www.amazon.in/Nillkin-Protection-Anti-Fingerprint-Anti-Scratch-Polycarbonate/dp/B0B92CCDWS/ref=sr_1_182?keywords=iphone&qid=1688831321&sr=8-182
"Nillkin Camshield Pro Cyclops Clear Case Compatible with iPhone 12 Pro Max, Slim Protective Cover Case Spin Camera Protector Hard PC & TPU Phone Case for Phone 12 Pro Max 6.7'' (Black)","2,499",4.6 out of 5 stars,55,https://www.amazon.in/Nillkin-Camshield-Compatible-Protective-Protector/dp/B08MX944KQ/ref=sr_1_183?keywords=iphone&qid=1688831321&sr=8-183
"Nillkin Case for Apple iPhone 14 / iPhone 13 (6.1"" Inch) CamShield Armor Pro Camera Slider Magnetic Works with Magsafe Military 180° Rotate Ring Kick Stand Wireless Charging + PC Black","2,499",,M.R.P: ,https://www.amazon.in/Nillkin-CamShield-Magnetic-Military-Wireless/dp/B0BFJBY7MT/ref=sr_1_185?keywords=iphone&qid=1688831321&sr=8-185
"Nillkin Case for Apple iPhone 14 Pro Max (6.7"" Inch) Adventurer Pro Camshield Camera Slider Military Rugged Grade Finish TPU + PC Tough Red","1,799",5.0 out of 5 stars,1,https://www.amazon.in/Nillkin-iPhone-Adventurer-Camshield-Military/dp/B0BKSY9QVF/ref=sr_1_186?keywords=iphone&qid=1688831321&sr=8-186
"Nillkin Case for Apple iPhone 12 Mini (5.4"" Inch) CamShield Pro Camera Close & Open Double Layered Protection TPU + PC Dark Green Color","2,199",,M.R.P: ,https://www.amazon.in/Nillkin-iPhone-CamShield-Layered-Protection/dp/B08ML6NF9D/ref=sr_1_187?keywords=iphone&qid=1688831321&sr=8-187
"Nillkin Case for Apple iPhone 14 Pro Max (6.7"" Inch) CamShield Armor Pro Camera Slider Magnetic Works with Magsafe Military 180° Rotate Ring Kick Stand Wireless Charging + PC Blue","2,999",,M.R.P: ,https://www.amazon.in/Nillkin-CamShield-Magnetic-Military-Wireless/dp/B0BFJDL16B/ref=sr_1_188?keywords=iphone&qid=1688831321&sr=8-188
"Nillkin Case for iPhone 14 Pro Case with Stand, Slide Camera Cover, Military Grade Shockproof Portective Case Compatible with MagSafe Wireless Charger&Magnetic Car Mount Holder,Black","3,499",4.4 out of 5 stars,42,https://www.amazon.in/Nillkin-Military-Shockproof-Portective-Compatible/dp/B0BBVKTRZW/ref=sr_1_189?keywords=iphone&qid=1688831321&sr=8-189
"Nillkin Case for Apple iPhone 14 Pro (6.1"" Inch) Super Frosted Shield Pro Hard Back Soft Border (PC + TPU) Shock Absorb Cover Raised Bezel Camera Protect PC with Logo Cut Blue",999,3.4 out of 5 stars,2,https://www.amazon.in/Nillkin-iPhone-Frosted-Shield-Protect/dp/B0BKSWJTCW/ref=sr_1_190?keywords=iphone&qid=1688831321&sr=8-190
"Nillkin Case for Apple iPhone 14 Pro Max (6.7"" Inch) Qin Pro Camshield Camera Slider Genuine Classic Leather Flip Folio + Card Slot Blue Color","1,799",,M.R.P: ,https://www.amazon.in/Nillkin-Camshield-Genuine-Classic-Leather/dp/B0BFJDYPTZ/ref=sr_1_191?keywords=iphone&qid=1688831321&sr=8-191
"Nillkin Camshield Pro Cyclops Clear Case Compatible with iPhone 12 Pro Max, Slim Protective Cover Case Spin Camera Protector Hard PC & TPU Phone Case for Phone 12 Pro Max 6.7'' (Blue)","1,075",4.3 out of 5 stars,61,https://www.amazon.in/Nillkin-Camshield-Compatible-Protective-Protector/dp/B08MX75SVG/ref=sr_1_192?keywords=iphone&qid=1688831321&sr=8-192
"Nillkin TPU+PC For Iphone 14 Pro Max Case With Sliding Camera Cover, [Full Around Protection], [Anti-Fingerprint], [Carbon Fiber Texture Anti-Scratch], Slim Shockproof Protective 6.7"", Blue","1,299",5.0 out of 5 stars,3,https://www.amazon.in/Nillkin-Protection-Anti-Fingerprint-Anti-Scratch-Shockproof/dp/B0B9S4VYP3/ref=sr_1_193?keywords=iphone&qid=1688831323&sr=8-193
"Nillkin Case for iPhone 14 Pro Case with Stand, Slide Camera Cover, Military Grade Shockproof Portective Case Compatible with MagSafe Wireless Charger&Magnetic Car Mount Holder,Blue","4,999",4.3 out of 5 stars,53,https://www.amazon.in/Nillkin-Military-Shockproof-Portective-Compatible/dp/B0BBV8VSGZ/ref=sr_1_194?keywords=iphone&qid=1688831323&sr=8-194
"Nillkin for iPhone 14 / iPhone 13 Case Case with Slide Camera Cover, [Full Around Protection], [Anti-Fingerprint], [Carbon Fiber Texture Anti-Scratch], Slim Shockproof Protective Case 6.1"", Green","1,699",4.5 out of 5 stars,2,https://www.amazon.in/Nillkin-Protection-Anti-Fingerprint-Anti-Scratch-Shockproof/dp/B0B9S4VTBS/ref=sr_1_195?keywords=iphone&qid=1688831323&sr=8-195
"Nillkin Case for Apple iPhone 13 Pro Max (6.7"" Inch) CamShield Armor Pro Camera Slider Military Protect Dual 180° Rotate Ring Stand Easy Hold & Wireless Charge + Mag Safe TPU + PC Kickstand Green","2,999",,M.R.P: ,https://www.amazon.in/Nillkin-CamShield-Military-Wireless-Kickstand/dp/B0BBQM2DWK/ref=sr_1_196?keywords=iphone&qid=1688831323&sr=8-196
Nillkin Phone Case for iPhone 12 Mini (Hard| TPU + PC| Green),"2,199",3.7 out of 5 stars,12,https://www.amazon.in/Nillkin-Phone-Case-iPhone-Green/dp/B08HRRN8MJ/ref=sr_1_197?keywords=iphone&qid=1688831323&sr=8-197
"Nillkin Case for Apple iPhone 14 Plus (6.7"" Inch) Textured S Magnetic Works with Magsafe Camshield Semi Automatic Camera Slider Nylon Fiber Tough & Durable PC + TPU Black","1,799",,M.R.P: ,https://www.amazon.in/Nillkin-Textured-Magnetic-Camshield-Automatic/dp/B0BKSX3R7S/ref=sr_1_198?keywords=iphone&qid=1688831323&sr=8-198
"Redmi A2 (Sea Green, 2GB RAM, 32GB Storage) | Powerful Octa Core G36 Processor | Upto 7GB RAM | Large 16.5 cm HD+ Display with Massive 5000mAh Battery | 2 Years Warranty [Limited time Offer]","5,699",3.8 out of 5 stars,891,https://www.amazon.in/Redmi-Storage-Powerful-Processor-Warranty/dp/B0C46H59YD/ref=sr_1_199?keywords=iphone&qid=1688831323&sr=8-199
"Nillkin Case for Apple iPhone 13 Pro Max (6.7"" Inch) CamShield Armor Pro Camera Slider Military Protect Dual 180° Rotate Ring Stand for Easy Hold & Wireless Charging TPU + PC Kickstand Black","3,499",,M.R.P: ,https://www.amazon.in/Nillkin-CamShield-Military-Wireless-Kickstand/dp/B0BBQJRQTG/ref=sr_1_200?keywords=iphone&qid=1688831323&sr=8-200
"Nillkin Case for Apple iPhone 14 / iPhone 13 (6.1"" Inch) CamShield Leather S Magnetic Works with Magsafe Semi Automatic Spring Metal Camera Slider Protect Green Color","1,799",,M.R.P: ,https://www.amazon.in/Nillkin-CamShield-Leather-Magnetic-Automatic/dp/B0BKSVQ68Y/ref=sr_1_201?keywords=iphone&qid=1688831323&sr=8-201
"Nillkin Case for Apple iPhone 14 / iPhone 13 (6.1"" Inch) CamShield Silky Soft Liquid Silicon + PC Finish Camera Slider Magnetic Works with Magsafe Charger Inside Microfibre Green Color","1,999",,M.R.P: ,https://www.amazon.in/Nillkin-CamShield-Silicon-Magnetic-Microfibre/dp/B0BFJFCN4T/ref=sr_1_202?keywords=iphone&qid=1688831323&sr=8-202
"Tecno POP 7 Pro (Uyuni Blue, 2GB RAM,64GB Storage) | Type C Port | 12MP Dual Camera | Up to 4GB RAM with Memory Fusion","6,499",3.8 out of 5 stars,270,https://www.amazon.in/Tecno-Storage-Camera-Memory-Fusion/dp/B0BTLKLGNT/ref=sr_1_203?keywords=iphone&qid=1688831323&sr=8-203
"Nillkin Case for Apple iPhone 11 (6.1"" Inch) CamShield Pro Slider Camera Close & Open Double Layered Protection TPU + PC Black Color","2,199",,M.R.P: ,https://www.amazon.in/Nillkin-iPhone-CamShield-Layered-Protection/dp/B094QFZLBC/ref=sr_1_204?keywords=iphone&qid=1688831323&sr=8-204
"Nillkin Case for Apple iPhone 14 / iPhone 13 (6.1"" Inch) Textured S Magnetic Works with Magsafe Camshield Semi Automatic Camera Slider Nylon Fiber Tough & Durable PC + TPU Green Color","1,799",,M.R.P: ,https://www.amazon.in/Nillkin-Textured-Magnetic-Camshield-Automatic/dp/B0BKSWGM6S/ref=sr_1_205?keywords=iphone&qid=1688831323&sr=8-205
"Nillkin Case for Apple iPhone 14 Plus (6.7"" Inch) CamShield Armor Pro Camera Slider Military 180° Rotate Ring Stand Wireless Charging TPU + PC Kickstand Blue","1,999",,M.R.P: ,https://www.amazon.in/Nillkin-CamShield-Military-Wireless-Kickstand/dp/B0BFJDKRZ9/ref=sr_1_207?keywords=iphone&qid=1688831323&sr=8-207
"Nillkin Compatible for iPhone 13 Pro Case, CamShield Armor Case with Slide Camera Cover, PC & TPU Impact-Resistant Bumpers Case with Ring Kickstand for iPhone 13 Pro 6.1 inch (2021) (Blue)","2,499",4.0 out of 5 stars,1,https://www.amazon.in/Nillkin-Compatible-CamShield-Impact-Resistant-Kickstand/dp/B09CGN2HGJ/ref=sr_1_208?keywords=iphone&qid=1688831323&sr=8-208
"Nillkin Compatible for iPhone 13 Pro Case, CamShield Armor Case with Slide Camera Cover, PC & TPU Impact-Resistant Bumpers Case with Ring Kickstand for iPhone 13 Pro 6.1 inch (2021) (Blue)","2,499",4.0 out of 5 stars,1,https://www.amazon.in/Nillkin-Compatible-CamShield-Impact-Resistant-Kickstand/dp/B09CGN2HGJ/ref=sr_1_209?keywords=iphone&qid=1688831325&sr=8-209
"Nillkin iPhone 14 Pro Max Case Compatible with Magsafe, Silicone Magnetic Case with Slide Camera Cover, Slim CamShield Silky Case for iPhone 14 Pro Max 6.7 inch, Purple","3,799",4.5 out of 5 stars,9,https://www.amazon.in/Nillkin-Compatible-Silicone-Magnetic-CamShield/dp/B0BDFYSDDK/ref=sr_1_210?keywords=iphone&qid=1688831325&sr=8-210
"Nillkin Thermoplastic Polyurethane For Iphone 14 Pro Max Case, Camshield Pro 14 Pro Max Case With Slide Camera Cover, Back Cover Case Compatible With Iphone 14 Pro Max 5G 2022 6.7'' (Blue)",975,3.0 out of 5 stars,2,https://www.amazon.in/Nillkin-iPhone-CamShield-Camera-Compatible/dp/B0B9B97LZT/ref=sr_1_212?keywords=iphone&qid=1688831325&sr=8-212
"Nillkin Designed for iPhone 14 Plus Case with Camera Cover, Silicone Ultra Slim Shockproof Protective Phone Case, [Microfiber Lining, Slide Camera Protection] 6.7 inch, Purple","2,499",,M.R.P: ,https://www.amazon.in/Nillkin-Shockproof-Protective-Microfiber-Protection/dp/B0BDFTCLNH/ref=sr_1_213?keywords=iphone&qid=1688831325&sr=8-213
"Nillkin Case for Apple iPhone 14 Plus (6.7"" Inch) Super Frosted Shield Pro Hard Back Soft Border (PC + TPU) Shock Absorb Cover Raised Bezel Camera Protect PC with Logo Cut Purple Color","1,399",5.0 out of 5 stars,1,https://www.amazon.in/Nillkin-iPhone-Frosted-Shield-Protect/dp/B0BMQH7M5C/ref=sr_1_214?keywords=iphone&qid=1688831325&sr=8-214
"Nillkin Case for Apple iPhone 14 Pro (6.1"" Inch) Textured S Magnetic Works with Magsafe Camshield Semi Automatic Camera Slider Nylon Fiber Tough & Durable PC + TPU Green","1,799",,M.R.P: ,https://www.amazon.in/Nillkin-Textured-Magnetic-Camshield-Automatic/dp/B0BKSTZ7MC/ref=sr_1_215?keywords=iphone&qid=1688831325&sr=8-215
"Nillkin Case for Apple iPhone 13 (6.1"" Inch) Super Frosted Shield Pro Hard Back Soft Border (PC + TPU) Shock Absorb Cover Raised Bezel Camera Protect PC Without Logo Cut Black","1,099",5.0 out of 5 stars,2,https://www.amazon.in/Nillkin-iPhone-Frosted-Protect-Without/dp/B09HXYNFV3/ref=sr_1_216?keywords=iphone&qid=1688831325&sr=8-216
"Samsung Galaxy S23 Ultra 5G (Cream, 12GB, 256GB Storage)","1,24,999",4.5 out of 5 stars,"1,192",https://www.amazon.in/Samsung-Galaxy-Ultra-Cream-Storage/dp/B0BRSLH4B5/ref=sr_1_217?keywords=iphone&qid=1688831325&sr=8-217
"Nillkin Polycarbonate Case For Iphone 14 Pro Max Case With Stand|Slide Camera Cover|Military Grade Shockproof Portective Case Compatible With Magsafe Wireless Charger&Magnetic Car Mount Holder,Black","5,199",4.4 out of 5 stars,74,https://www.amazon.in/Nillkin-Military-Shockproof-Portective-Compatible/dp/B0BBVD7STY/ref=sr_1_218?keywords=iphone&qid=1688831325&sr=8-218
"Compatible with iPhone 14 Pro Max Case 6.7 inch with Camera Cover,Slim Fit Thin Polycarbonate Protective Shockproof Cover with Slide Camera Cover, Upgraded Case for Apple iPhone 14 Pro Max (Black)","2,099",4.6 out of 5 stars,112,https://www.amazon.in/Compatible-Polycarbonate-Protective-Shockproof-Upgraded/dp/B0BBN46HZN/ref=sr_1_219?keywords=iphone&qid=1688831325&sr=8-219
"Nillkin iPhone 12/12 Pro Silicone Case, CamShield Silky Case with Slide Camera Cover, Liquid Silicone Full Body Protection Shockproof Case - Blue","3,999",4.3 out of 5 stars,65,https://www.amazon.in/Nillkin-Compatible-Silicone-iPhone-Liquid/dp/B08SWJCTD7/ref=sr_1_220?keywords=iphone&qid=1688831325&sr=8-220
"Samsung Galaxy A34 5G (Awesome Violet, 8GB, 256GB Storage) | 48 MP No Shake Cam (OIS) | IP67 | Gorilla Glass 5 | Voice Focus | Travel Adapter to be Purchased Separately","32,999",4.0 out of 5 stars,255,https://www.amazon.in/Samsung-Awesome-Storage-Purchased-Separately/dp/B0BXD55WQH/ref=sr_1_221?keywords=iphone&qid=1688831325&sr=8-221
"Nillkin iPhone 14 Pro Case Compatible with Magsafe, CamShield Pro Magnetic Case with Slide Camera Cover, Slim Fit Thin Shockproof Cover 6.1 inch, Built-in Magnet Circle - Deep Purple","2,499",3.1 out of 5 stars,2,https://www.amazon.in/Nillkin-Compatible-CamShield-Magnetic-Shockproof/dp/B0BJKT97TD/ref=sr_1_222?keywords=iphone&qid=1688831325&sr=8-222
"Nillkin Case for Apple iPhone 14 / iPhone 13 (6.1"" Inch) Textured S Camshield Semi Automatic Camera Slider Nylon Fiber Tough & Durable PC + TPU Material Luxury Protect Black","1,799",,M.R.P: ,https://www.amazon.in/Nillkin-Textured-Camshield-Automatic-Material/dp/B0BFJC1X4G/ref=sr_1_223?keywords=iphone&qid=1688831325&sr=8-223
"Samsung Galaxy Note 20 Ultra 5G (Mystic Black, 12GB RAM, 256GB Storage) with No Cost EMI/Additional Exchange Offers","79,800",4.5 out of 5 stars,"1,958",https://www.amazon.in/Samsung-Galaxy-Storage-Additional-Exchange/dp/B089MQ7C7V/ref=sr_1_224?keywords=iphone&qid=1688831325&sr=8-224
"Nillkin Case for Apple iPhone 14 / iPhone 13 (6.1"" Inch) CamShield Pro Camera Slider Double Layered Protection TPU + PC Purple Color","1,099",,M.R.P: ,https://www.amazon.in/Nillkin-iPhone-CamShield-Layered-Protection/dp/B0BKT13ZYH/ref=sr_1_225?keywords=iphone&qid=1688831327&sr=8-225
"Nillkin Case for Apple iPhone 14 Pro Max (6.7"" Inch) Camshield Pro Magnetic Case Works with Magsafe Charger Camera Slider Double Layered Protection TPU + PC Black","3,499",,M.R.P: ,https://www.amazon.in/Nillkin-Camshield-Magnetic-Magsafe-Protection/dp/B0BFJGBRGM/ref=sr_1_226?keywords=iphone&qid=1688831327&sr=8-226
"Nillkin Case for Apple iPhone 12 Pro Max (6.7"" Inch) Qin Genuine Classic Leather Flip Folio + Card Slot Red Color","2,199",,M.R.P: ,https://www.amazon.in/Nillkin-iPhone-Genuine-Classic-Leather/dp/B08QGK31RX/ref=sr_1_227?keywords=iphone&qid=1688831327&sr=8-227
"Samsung Galaxy S20 FE 5G (Cloud Mint, 8GB RAM, 128GB Storage)","26,999",4.2 out of 5 stars,"31,926",https://www.amazon.in/Samsung-Galaxy-Cloud-128GB-Storage/dp/B08VB2MRF8/ref=sr_1_228?keywords=iphone&qid=1688831327&sr=8-228
"Nillkin Case for Apple iPhone 14 / iPhone 13 (6.1"" Inch) CamShield Leather S Magnetic Works with Magsafe Semi Automatic Spring Metal Camera Slider Protect Blue Color","1,799",,M.R.P: ,https://www.amazon.in/Nillkin-CamShield-Leather-Magnetic-Automatic/dp/B0BKSWFSNY/ref=sr_1_229?keywords=iphone&qid=1688831327&sr=8-229
"Nillkin Case for Apple iPhone 14 Pro Max (6.7"" Inch) CamShield Leather S Magnetic Works with Magsafe Semi Automatic Spring Metal Camera Slider Protect Black","4,999",,M.R.P: ,https://www.amazon.in/Nillkin-CamShield-Leather-Magnetic-Automatic/dp/B0BKT45YHG/ref=sr_1_230?keywords=iphone&qid=1688831327&sr=8-230
"Redmi A2 (Aqua Blue, 2GB RAM, 32GB Storage) | Powerful Octa Core G36 Processor | Upto 7GB RAM | Large 16.5 cm HD+ Display with Massive 5000mAh Battery | 2 Years Warranty [Limited time Offer]","5,699",3.8 out of 5 stars,891,https://www.amazon.in/Redmi-Storage-Powerful-Processor-Warranty/dp/B0C46FN82F/ref=sr_1_231?keywords=iphone&qid=1688831327&sr=8-231
"Nillkin Case for Apple iPhone 14 / iPhone 13 (6.1"" Inch) Qin Pro Camshield Camera Slider Genuine Classic Leather Flip Folio + Card Slot Brown Color","2,499",4.6 out of 5 stars,3,https://www.amazon.in/Nillkin-Camshield-Genuine-Classic-Leather/dp/B0BFJD6X88/ref=sr_1_232?keywords=iphone&qid=1688831327&sr=8-232
"for iPhone 11 Pro Max Case, Nillkin CamShield Pro Series Case with Slide Camera Cover, Slim Stylish Protective case for iPhone 11 Pro Max (Dark Green) (Polycarbonate, ABS, Rubber)","1,699",4.0 out of 5 stars,1,https://www.amazon.in/iPhone-Nillkin-CamShield-Stylish-Protective/dp/B088ZL39MS/ref=sr_1_233?keywords=iphone&qid=1688831327&sr=8-233
"Nillkin Tempered Glass for Apple iPhone XR (6.1"" Inch) / iPhone 11 (6.1"" Inch) Super T+ Pro 0.15mm Thinnest Explosion Proof Screen Protect","2,499",,Only 1 left in stock.,https://www.amazon.in/Nillkin-Tempered-Thinnest-Explosion-Protect/dp/B07KX1PSLQ/ref=sr_1_234?keywords=iphone&qid=1688831327&sr=8-234
"Nillkin Case for Apple iPhone 13 Mini (5.4"" Inch) Super Frosted Shield Pro Hard Back Soft Border (PC + TPU) Shock Absorb Cover Raised Bezel Camera Protect PC Without Logo Cut Red","2,399",5.0 out of 5 stars,1,https://www.amazon.in/Nillkin-iPhone-Frosted-Protect-Without/dp/B09HXXNKNW/ref=sr_1_235?keywords=iphone&qid=1688831327&sr=8-235
"Nillkin Case for Apple iPhone 14 Pro Max (6.7"" Inch) CamShield Silky Soft Liquid Silicon + PC Finish Camera Slider Magnetic Works with Magsafe Charger Inside Microfibre Mist Green","2,499",,M.R.P: ,https://www.amazon.in/Nillkin-CamShield-Silicon-Magnetic-Microfibre/dp/B0BKSY8VTJ/ref=sr_1_236?keywords=iphone&qid=1688831327&sr=8-236
"Nillkin Case for Apple iPhone 14 / iPhone 13 (6.1"" Inch) CamShield Armor Pro Camera Slider Military 180° Rotate Ring Stand Wireless Charging TPU + PC Kickstand Green","1,999",,M.R.P: ,https://www.amazon.in/Nillkin-CamShield-Military-Wireless-Kickstand/dp/B0BFJDF9N7/ref=sr_1_237?keywords=iphone&qid=1688831327&sr=8-237
"Nillkin for iPhone 14 Pro Max Magnetic Case, [Military Grade Protection & Compatible with MagSafe], CamShield Armor 14 Pro Max 5G Case 6.7’’, with Slide Camera Cover,Built-in Magnet Circle (Blue)","5,499",4.4 out of 5 stars,16,https://www.amazon.in/Nillkin-Magnetic-Protection-Compatible-CamShield/dp/B0BBMQF7NH/ref=sr_1_238?keywords=iphone&qid=1688831327&sr=8-238
"Nillkin Case for Apple iPhone 14 / iPhone 13 (6.1"" Inch) Textured S Camshield Semi Automatic Camera Slider Nylon Fiber Tough & Durable PC + TPU Material Luxury Protect Green Color","1,699",,M.R.P: ,https://www.amazon.in/Nillkin-Textured-Camshield-Automatic-Material/dp/B0BFJC84N6/ref=sr_1_239?keywords=iphone&qid=1688831327&sr=8-239
Grand Eletronics For Iphone 11 Pro Case|Nillkin Camshield Armor Case With Slide Camera Cover|Pc & Tpu Impact-Resistant Bumpers Protective Case With Ring Kickstand For Iphone 11 Pro (Green 6.1''),"2,999",5.0 out of 5 stars,1,https://www.amazon.in/Nillkin-CamShield-Impact-Resistant-Protective-Kickstand/dp/B08L64VRM2/ref=sr_1_240?keywords=iphone&qid=1688831327&sr=8-240
"OnePlus 11 5G (Eternal Green, 16GB RAM, 256GB Storage)","61,999",4.3 out of 5 stars,"2,771",https://www.amazon.in/OnePlus-Eternal-Green-256GB-Storage/dp/B0BQJM2PXW/ref=sr_1_241?keywords=iphone&qid=1688831328&sr=8-241
"Nillkin Case for Apple iPhone 14 / iPhone 13 (6.1"" Inch) CamShield Silky Soft Liquid Silicon + PC Finish Camera Slider Magnetic Works with Magsafe Charger Inside Microfibre Haze Blue Color","1,799",,M.R.P: ,https://www.amazon.in/Nillkin-CamShield-Silicon-Magnetic-Microfibre/dp/B0BKSVQNT4/ref=sr_1_242?keywords=iphone&qid=1688831328&sr=8-242
"Nillkin for iPhone 14 Plus Case Stand, [Built in Kickstand & Slide Camera Cover][Military Grade Drop Protection] Shockproof Hard PC Back Heavy Duty Bumper Phone Case for iPhone 14 Plus 6.7'' Green","4,399",,Only 1 left in stock.,https://www.amazon.in/Nillkin-Rotatable-Kickstand-Shockproof-Protective/dp/B0B9SBY643/ref=sr_1_243?keywords=iphone&qid=1688831328&sr=8-243
Nillkin TPU+PC For Iphone 14 Pro Max Case with Slide Camera Cover [Lens Protection] Camshield Pro Anti-Scratch & Shockproof Protective Phone Case For Iphone 14 Pro Max 6.7 Inch - Black,"1,499",4.3 out of 5 stars,85,https://www.amazon.in/Nillkin-iPhone-Pro-Max-Case/dp/B0B8H48LF9/ref=sr_1_244?keywords=iphone&qid=1688831328&sr=8-244
"Nillkin Case for Apple iPhone 14 Pro Max (6.7"" Inch) Qin Pro Cloth Leather Camshield Camera Slider Flip Folio + Card Slot Grey Color","2,999",,M.R.P: ,https://www.amazon.in/Nillkin-iPhone-Leather-Camshield-Camera/dp/B0BFJHXNZT/ref=sr_1_245?keywords=iphone&qid=1688831328&sr=8-245
"Nillkin Polycarbonate For Iphone 14 Pro Max Magnetic Case With Magsafe, Sliding Camera Cover, Full Around Protection, Anti-Fingerprint, Anti-Scratch, Slim Shockproof Protective Case 6.7"", Space Black","4,199",4.6 out of 5 stars,25,https://www.amazon.in/Nillkin-Protection-Anti-Fingerprint-Anti-Scratch-Shockproof/dp/B0BF513L76/ref=sr_1_246?keywords=iphone&qid=1688831328&sr=8-246
"OnePlus 11R 5G (Sonic Black, 16GB RAM, 256GB Storage)","44,999",4.4 out of 5 stars,"5,413",https://www.amazon.in/OnePlus-Sonic-Black-256GB-Storage/dp/B0BSNNWX8R/ref=sr_1_247?keywords=iphone&qid=1688831328&sr=8-247
"Nillkin CamShield Magnetic Case Compatible with iPhone 14 Pro Max Case, Protective Slide Camera Cover Case for 14 Pro Max Hard PC & TPU Anti-Scratch Slim Phone Case for iPhone 14 Pro Max 6.7'' Black","3,199",4.8 out of 5 stars,13,https://www.amazon.in/Nillkin-CamShield-Compatible-Protective-Anti-Scratch/dp/B0B8LZC7B7/ref=sr_1_248?keywords=iphone&qid=1688831328&sr=8-248
"Nillkin Case for Apple iPhone 14 / iPhone 13 (6.1"" Inch) Super Frosted Shield Pro Hard Back Soft Border (PC + TPU) Shock Absorb Cover Raised Bezel Camera Protect PC with Logo Cut Black",999,,M.R.P: ,https://www.amazon.in/Nillkin-iPhone-Frosted-Shield-Protect/dp/B0BKSWSGMP/ref=sr_1_249?keywords=iphone&qid=1688831328&sr=8-249
"Nillkin Case for Apple iPhone 13 Pro Max (6.7"" Inch) Qin Pro Cloth Leather Camshield Camera Slider Flip Folio + Card Slot Grey Color","3,899",,M.R.P: ,https://www.amazon.in/Nillkin-iPhone-Leather-Camshield-Camera/dp/B09ZBJKJ79/ref=sr_1_250?keywords=iphone&qid=1688831328&sr=8-250
"Nillkin Case for Apple iPhone 14 Pro Max (6.7"" Inch) Adventurer Pro Camshield Camera Slider Military Rugged Grade Finish TPU + PC Tough Black","4,199",4.7 out of 5 stars,4,https://www.amazon.in/Nillkin-iPhone-Adventurer-Camshield-Military/dp/B0BKSSNRZY/ref=sr_1_251?keywords=iphone&qid=1688831328&sr=8-251
"Nillkin iPhone 14 Pro Max Magnetic Case, [Compatible with Magesafe, Slide Camera Cover] Silicone Ultra Slim Shockproof Protective Phone Case 6.7 inch, Midnight Blue","4,199",4.1 out of 5 stars,8,https://www.amazon.in/Nillkin-Magnetic-Compatible-Shockproof-Protective/dp/B0BDFXNJWM/ref=sr_1_252?keywords=iphone&qid=1688831328&sr=8-252
"Nillkin Polycarbonate Iphone 11 Pro Case with Camera Cover, Iphone 11 Pro Cover Protective with Slide Camera Cover, Upgraded Case For Iphone 11 Pro 5.8 Inch(2019), Midnight Green","2,799",4.1 out of 5 stars,225,https://www.amazon.in/Nillkin-iPhone-Protective-Upgraded-Midnight/dp/B081YMQMFR/ref=sr_1_253?keywords=iphone&qid=1688831328&sr=8-253
"OnePlus 10 Pro 5G (Emerald Forest, 8GB RAM, 128GB Storage)","66,999",4.2 out of 5 stars,"6,108",https://www.amazon.in/OnePlus-Emerald-Forest-128GB-Storage/dp/B09V2LX1R4/ref=sr_1_254?keywords=iphone&qid=1688831328&sr=8-254
"teroxa Magnetic Case Compatible with MagSafe for iPhone 14 Pro, Slide Cover Camera Lens Protection Soft TPU Bumper Shockproof Protective Cases (Blue)","2,399",,Only 1 left in stock.,https://www.amazon.in/Case-Compatible-iPhone-14-Pro/dp/B0BFNPMB9X/ref=sr_1_255?keywords=iphone&qid=1688831328&sr=8-255
"Nillkin Tempered Glass for Apple iPhone 13 / iPhone 13 Pro/iPhone 14 (6.1"" Inch) CP+ Pro 0.3mm Thin Glass Edge Shaterproof Full Screen Coverage Explosion Proof Screen Protect Black Color","1,999",2.0 out of 5 stars,1,https://www.amazon.in/Nillkin-Tempered-Shaterproof-Coverage-Explosion/dp/B09HXYTBKW/ref=sr_1_256?keywords=iphone&qid=1688831328&sr=8-256
"Nillkin Tempered Glass for Apple iPhone 13 / iPhone 13 Pro/iPhone 14 (6.1"" Inch) CP+ Pro 0.3mm Thin Glass Edge Shaterproof Full Screen Coverage Explosion Proof Screen Protect Black Color","1,999",2.0 out of 5 stars,1,https://www.amazon.in/Nillkin-Tempered-Shaterproof-Coverage-Explosion/dp/B09HXYTBKW/ref=sr_1_257?keywords=iphone&qid=1688831330&sr=8-257
"Xiaomi 13 Pro (Ceramic White, 12GB RAM 256GB Storage) | Leica Professional 50MP Triple Camera | Biggest Camera Sensor 1"" IMX989 | SD 8 Gen 2","79,999",4.4 out of 5 stars,355,https://www.amazon.in/Xiaomi-13-Pro-Ceramic-Professional/dp/B0BVMRZWXH/ref=sr_1_258?keywords=iphone&qid=1688831330&sr=8-258
Ghostek Nautical Waterproof Compatible with iPhone 12 Case with Screen Protector Rugged Underwater Protection Full Body Watertight Seal Shell Protective Cover for 2020 iPhone 12 5G (6.1 Inch) (Black),"3,999",4.3 out of 5 stars,119,https://www.amazon.in/Ghostek-Waterproof-Compatible-Underwater-Protection/dp/B08P2SSCG9/ref=sr_1_259?keywords=iphone&qid=1688831330&sr=8-259
"Nillkin Case for Apple iPhone 14 Pro Max (6.7"" Inch) CamShield Pro Camera Slider Double Layered Protection TPU + PC Purple",999,4.0 out of 5 stars,1,https://www.amazon.in/Nillkin-iPhone-CamShield-Layered-Protection/dp/B0BKSTJKBD/ref=sr_1_260?keywords=iphone&qid=1688831330&sr=8-260
"Nillkin Case for Apple iPhone 14 Pro Max (6.7"" Inch) Lens Wing Magnetic for Mag Safe Metal Camera Lens Protect Hidden Stand Liquid Silicon & Fibre Purple Color","3,999",5.0 out of 5 stars,1,https://www.amazon.in/Nillkin-iPhone-Magnetic-Protect-Silicon/dp/B0BS6K34G5/ref=sr_1_261?keywords=iphone&qid=1688831330&sr=8-261
"Nillkin Armor iPhone 11 Case, [Built-in Kickstand and Camera Lens Protector] Shockproof Hard Plastic Back & Soft Silicone Bumper Hybrid Cover Phone Case for iPhone 11 6.1'' (Black)","2,799",4.5 out of 5 stars,159,https://www.amazon.in/Nillkin-Kickstand-Protector-Shockproof-Silicone/dp/B08B666222/ref=sr_1_262?keywords=iphone&qid=1688831330&sr=8-262
"Nillkin Tempered Glass for Apple iPhone 13 / iPhone 13 Pro/iPhone 14 (6.1"" Inch) 3D Guardian Full Coverage Privacy Edge to Edge Glass 0.33mm Black","1,099",,M.R.P: ,https://www.amazon.in/Nillkin-Tempered-Guardian-Coverage-Privacy/dp/B09HXYXH2C/ref=sr_1_263?keywords=iphone&qid=1688831330&sr=8-263
"Nillkin Case for Apple iPhone 14 Plus (6.7"" Inch) Super Frosted Shield Pro Hard Back Soft Border (PC + TPU) Shock Absorb Cover Raised Bezel Camera Protect PC with Logo Cut Purple","1,599",,M.R.P: ,https://www.amazon.in/Nillkin-iPhone-Frosted-Shield-Protect/dp/B0BMQGZ8KN/ref=sr_1_264?keywords=iphone&qid=1688831330&sr=8-264
"Nillkin Compatible for iPhone 12 Mini Case, CamShield Armor Case with Slide Camera Cover, PC & TPU Impact-Resistant Bumpers Case with Ring Kickstand for iPhone 12 Mini 5.4 inch (2020) - Green","2,799",5.0 out of 5 stars,3,https://www.amazon.in/Nillkin-Compatible-Kickstand-Drop-Proof-Protective/dp/B08H2GZPTC/ref=sr_1_265?keywords=iphone&qid=1688831330&sr=8-265
"Nillkin Case for Apple iPhone 14 / iPhone 13 (6.1"" Inch) Camshield Pro Magnetic Case Works with Magsafe Charger Camera Slider Double Layered Protection TPU + PC Black","1,599",,M.R.P: ,https://www.amazon.in/Nillkin-Camshield-Magnetic-Magsafe-Protection/dp/B0BFJF99JB/ref=sr_1_266?keywords=iphone&qid=1688831330&sr=8-266
"Nillkin Case for Apple iPhone 14 Plus (6.7"" Inch) CamShield Leather Finish S Type Semi Automatic Spring Metal Camera Slider Wireless Charge Protect Green","1,699",,M.R.P: ,https://www.amazon.in/Nillkin-CamShield-Leather-Automatic-Wireless/dp/B0BFKNLZ1V/ref=sr_1_267?keywords=iphone&qid=1688831330&sr=8-267
"Xiaomi 13 Pro (Ceramic Black, 12GB RAM 256GB Storage) | Leica Professional 50MP Triple Camera | Biggest Camera Sensor 1"" IMX989 | SD 8 Gen 2","79,999",4.4 out of 5 stars,355,https://www.amazon.in/Xiaomi-13-Pro-Ceramic-Professional/dp/B0BVMP4NGL/ref=sr_1_268?keywords=iphone&qid=1688831330&sr=8-268
"Nillkin Case for Apple iPhone 14 Pro Max (6.7"" Inch) Adventurer Pro Camshield Camera Slider Military Rugged Grade Finish TPU + PC Tough Black Color","3,999",,M.R.P: ,https://www.amazon.in/Nillkin-iPhone-Adventurer-Camshield-Military/dp/B0BKSX4N27/ref=sr_1_269?keywords=iphone&qid=1688831330&sr=8-269
"Nillkin Case for Apple iPhone 14 Plus (6.7"" Inch) Adventurer Pro Camshield Camera Slider Military Rugged Grade Finish TPU + PC Tough Red","3,499",5.0 out of 5 stars,1,https://www.amazon.in/Nillkin-iPhone-Adventurer-Camshield-Military/dp/B0BKSXYY3L/ref=sr_1_270?keywords=iphone&qid=1688831330&sr=8-270
"Nillkin Case for Apple iPhone 14 / iPhone 13 (6.1"" Inch) Striker S Magnetic Works with Magsafe Camshield Semi Automatic Camera Slider Honeycomb Texture Silicone Lifted Bezel TPU + PC Blue Green Color","1,999",,M.R.P: ,https://www.amazon.in/Nillkin-Magnetic-Camshield-Automatic-Honeycomb/dp/B0BH16DLWF/ref=sr_1_271?keywords=iphone&qid=1688831330&sr=8-271
"Samsung Galaxy S20 FE 5G (Cloud Navy, 8GB RAM, 128GB Storage) with No Cost EMI & Additional Exchange Offers","26,999",4.2 out of 5 stars,"31,926",https://www.amazon.in/Samsung-Galaxy-Cloud-128GB-Storage/dp/B08VB57558/ref=sr_1_272?keywords=iphone&qid=1688831330&sr=8-272
"Samsung Galaxy S20 FE 5G (Cloud Navy, 8GB RAM, 128GB Storage) with No Cost EMI & Additional Exchange Offers","26,999",4.2 out of 5 stars,"31,926",https://www.amazon.in/Samsung-Galaxy-Cloud-128GB-Storage/dp/B08VB57558/ref=sr_1_273?keywords=iphone&qid=1688831332&sr=8-273
"iQOO Z7s 5G by vivo (Norway Blue, 8GB RAM, 128GB Storage) | Ultra Bright AMOLED Display | Snapdragon 695 5G 6nm Processor | 64 MP OIS Ultra Stable Camera | 44WFlashCharge","19,999",4.1 out of 5 stars,"5,753",https://www.amazon.in/iQOO-Storage-Snapdragon-Processor-44WFlashCharge/dp/B07WFNTGLL/ref=sr_1_274?keywords=iphone&qid=1688831332&sr=8-274
"Nillkin Silicone Case For Apple Iphone X (5.8"" Inch) Flex Pure Case Liquid Silicon Finish Anti Finger Print with Inner Microfibre Lining Red Color","2,299",5.0 out of 5 stars,1,https://www.amazon.in/Nillkin-iPhone-Liquid-Silicon-Microfibre/dp/B07MJ6FFM6/ref=sr_1_275?keywords=iphone&qid=1688831332&sr=8-275
"Nillkin Case for Apple iPhone 14 Plus (6.7"" Inch) Strap Detachable Rope for Grip & Hold 360 Protect Leisure Sports Workout Metal Casing for Camera Lens Black Color","1,999",,M.R.P: ,https://www.amazon.in/Nillkin-Detachable-Protect-Leisure-Workout/dp/B0BMQDBPF9/ref=sr_1_276?keywords=iphone&qid=1688831332&sr=8-276
"Nillkin Case for Apple iPhone 14 Plus (6.7"" Inch) Qin Pro Plain Leather Camshield Camera Slider Flip Folio + Card Slot Black Color","2,199",,M.R.P: ,https://www.amazon.in/Nillkin-iPhone-Leather-Camshield-Camera/dp/B0BFJF71DJ/ref=sr_1_277?keywords=iphone&qid=1688831332&sr=8-277
"Nillkin Case for Apple iPhone 13 (6.1"" Inch) Super Frosted Shield Pro Hard Back Soft Border (PC + TPU) Shock Absorb Cover Raised Bezel Camera Protect PC with Logo Cut Black","1,499",3.7 out of 5 stars,7,https://www.amazon.in/Nillkin-iPhone-Frosted-Shield-Protect/dp/B0B5XPH7PC/ref=sr_1_278?keywords=iphone&qid=1688831332&sr=8-278
"Oppo F21s Pro (Dawnlight Gold, 8GB RAM, 128 Storage)|6.43"" FHD+ AMOLED|32MP Front Camera with Microlens|4500 mAh Battery with 33W SUPERVOOC Charger|with No Cost EMI/Additional Exchange Offers","21,999",4.1 out of 5 stars,"1,851",https://www.amazon.in/Oppo-Dawnlight-Storage-Additional-Exchange/dp/B0BD5J36FC/ref=sr_1_279?keywords=iphone&qid=1688831332&sr=8-279
"Grand Eletronics for iPhone 11 Case,Nillkin CamShield Armor Case with Slide Camera Cover,PC & TPU Impact-Resistant Bumpers Protective Case with Ring Kickstand for iPhone 11 case(Black,iPhone 11 5.8'')","2,999",,M.R.P: ,https://www.amazon.in/Nillkin-CamShield-Impact-Resistant-Protective-Kickstand/dp/B08L674NN2/ref=sr_1_280?keywords=iphone&qid=1688831332&sr=8-280
"Nillkin Case for Apple iPhone 11 Pro Max (6.5"" Inch) CamShield Armor Military Grade Camera Close & Open Double Layered Protection TPU + PC Finish with Kickstand Dark Green","3,499",3.8 out of 5 stars,32,https://www.amazon.in/Nillkin-iPhone-Camera-Protection-Holder/dp/B086ZS3W36/ref=sr_1_281?keywords=iphone&qid=1688831332&sr=8-281
"Nillkin Compatible with iPhone 12/12 Pro, Shockproof Case with Stand and Slide Camera Protect Cover TPU + PC Protective Case for iPhone 12 Pro case 6.1” (Green)","2,499",4.4 out of 5 stars,3,https://www.amazon.in/Nillkin-Compatible-Shockproof-Protect-Protective/dp/B08M3GJ3K3/ref=sr_1_282?keywords=iphone&qid=1688831332&sr=8-282
"Nillkin Case for Apple iPhone 14 / iPhone 13 (6.1"" Inch) CamShield Leather Finish S Type Semi Automatic Spring Metal Camera Slider Wireless Charge Protect Green Color","1,699",,M.R.P: ,https://www.amazon.in/Nillkin-CamShield-Leather-Automatic-Wireless/dp/B0BFKMKDS1/ref=sr_1_283?keywords=iphone&qid=1688831332&sr=8-283
"Nillkin Case for Apple iPhone 14 / iPhone 13 (6.1"" Inch) CamShield Armor Pro Camera Slider Magnetic Works with Magsafe Military 180° Rotate Ring Kick Stand Wireless Charging + PC Blue","2,499",,M.R.P: ,https://www.amazon.in/Nillkin-CamShield-Magnetic-Military-Wireless/dp/B0BFJFYVT3/ref=sr_1_284?keywords=iphone&qid=1688831332&sr=8-284
Compatible with iPhone 12 Pro Max Case 6.7 inch(2020 Release) Magnetic Charger Compatible Liquid Silicone Case Gel Rubber Full Body Protection Shockproof Drop Protection Case (Green),"2,499",5.0 out of 5 stars,11,https://www.amazon.in/Compatible-Magnetic-Silicone-Protection-Shockproof/dp/B08Z7ZRDMB/ref=sr_1_285?keywords=iphone&qid=1688831332&sr=8-285
"Compatible with iPhone 14 / iPhone 13 Case 6.1 inch with Camera Cover,Slim Fit Thin Polycarbonate Protective Shockproof Cover with Slide Camera Cover, Upgraded Case for Apple iPhone 14 / iPhone 13 (Green)","1,499",5.0 out of 5 stars,2,https://www.amazon.in/Compatible-Polycarbonate-Protective-Shockproof-Upgraded/dp/B0BBN3XMSC/ref=sr_1_286?keywords=iphone&qid=1688831332&sr=8-286
"Nillkin Case for Apple iPhone 14 / iPhone 13 (6.1"" Inch) CamShield Silky Soft Liquid Silicon + PC Finish Camera Slider Inner Microfiber Dark Purple Color","1,499",,M.R.P: ,https://www.amazon.in/Nillkin-iPhone-CamShield-Silicon-Microfiber/dp/B0BKSV3ZMC/ref=sr_1_287?keywords=iphone&qid=1688831332&sr=8-287
"ErHu TPU+PC For Iphone 14 Pro Max Protective Phone Case Armor 6.7"", Compatible With Magsafe, Military Grade Shockproof Drop Proof Hard Case With Rotatable Stand And Slide Camera Cover, Black","5,499",4.4 out of 5 stars,122,https://www.amazon.in/ErHu-14-Protective-Compatible-Shockproof/dp/B0BKPWG8PD/ref=sr_1_288?keywords=iphone&qid=1688831332&sr=8-288
"ErHu TPU+PC For Iphone 14 Pro Max Protective Phone Case Armor 6.7"", Compatible With Magsafe, Military Grade Shockproof Drop Proof Hard Case With Rotatable Stand And Slide Camera Cover, Black","5,499",4.4 out of 5 stars,122,https://www.amazon.in/ErHu-14-Protective-Compatible-Shockproof/dp/B0BKPWG8PD/ref=sr_1_289?keywords=iphone&qid=1688831333&sr=8-289
"Nillkin Case for Apple iPhone 14 Plus (6.7"" Inch) Qin Pro Camshield Camera Slider Genuine Classic Leather Flip Folio + Card Slot Blue Color","2,799",,M.R.P: ,https://www.amazon.in/Nillkin-Camshield-Genuine-Classic-Leather/dp/B0BFJDW43P/ref=sr_1_290?keywords=iphone&qid=1688831333&sr=8-290
"iQOO Neo 6 5G (Dark Nova, 8GB RAM, 128GB Storage) | Only Snapdragon 870 in The Segment | 50% Charge in Just 12 Mins | 90 FPS Gaming Support*","24,999",4.4 out of 5 stars,"25,558",https://www.amazon.in/iQOO-128GB-Storage-Snapdragon%C2%AE-FlashCharge/dp/B07WDKLDRX/ref=sr_1_291?keywords=iphone&qid=1688831333&sr=8-291
"Nillkin Case for Apple iPhone 14 Pro Max (6.7"" Inch) CamShield Leather S Magnetic Works with Magsafe Semi Automatic Spring Metal Camera Slider Protect Blue Color","5,999",,M.R.P: ,https://www.amazon.in/Nillkin-CamShield-Leather-Magnetic-Automatic/dp/B0BMQHBKFQ/ref=sr_1_292?keywords=iphone&qid=1688831333&sr=8-292
"Nillkin Case for Apple iPhone 14 Pro Max (6.7"" Inch) CamShield Silky Soft Liquid Silicon + PC Finish Camera Slider Inner Microfiber Haze Blue","2,499",,M.R.P: ,https://www.amazon.in/Nillkin-iPhone-CamShield-Silicon-Microfiber/dp/B0BKSZXB2M/ref=sr_1_293?keywords=iphone&qid=1688831333&sr=8-293
Nillkin for iPhone 14 Plus Case with Slide Camera Cover [Lens Plustection] CamShield Plus Anti-Scratch & ShockPlusof Plustective Phone Case for iPhone 14 Plus 6.7 inch - Black,"1,299",4.5 out of 5 stars,2,https://www.amazon.in/Nillkin-iPhone-Case-Plustection-Anti-Scratch/dp/B0B8H4V5J4/ref=sr_1_294?keywords=iphone&qid=1688831333&sr=8-294
"Nillkin Case for Apple iPhone 14 Pro (6.1"" Inch) CamShield Leather S Magnetic Works with Magsafe Semi Automatic Spring Metal Camera Slider Protect Black","1,799",,M.R.P: ,https://www.amazon.in/Nillkin-CamShield-Leather-Magnetic-Automatic/dp/B0BKSWF2H5/ref=sr_1_295?keywords=iphone&qid=1688831333&sr=8-295
"Nillkin Armor Case Compatible with iPhone 12 Pro Max Case, [Built in Kickstand & Camera Protector] Shockproof Hard PC & Soft Silicone Bumper Hybrid Cover Phone Case for Phone 12 Pro Max 6.7'' Black","3,199",4.3 out of 5 stars,"1,154",https://www.amazon.in/Nillkin-Compatible-Kickstand-Protector-Shockproof/dp/B08HRRZ523/ref=sr_1_296?keywords=iphone&qid=1688831333&sr=8-296
"Nillkin Case for Apple iPhone 14 Pro Max (6.7"" Inch) CamShield Silky Soft Liquid Silicon + PC Finish Camera Slider Inner Microfiber Mist Green","1,999",,M.R.P: ,https://www.amazon.in/Nillkin-iPhone-CamShield-Silicon-Microfiber/dp/B0BKSVBPZL/ref=sr_1_297?keywords=iphone&qid=1688831333&sr=8-297
"Nillkin Case for Apple iPhone 14 / iPhone 13 (6.1"" Inch) CamShield Silky Soft Liquid Silicon + PC Finish Camera Slider Magnetic Works with Magsafe Charger Inside Microfibre Purple","3,199",,M.R.P: ,https://www.amazon.in/Nillkin-CamShield-Silicon-Magnetic-Microfibre/dp/B0BFJBFQZP/ref=sr_1_298?keywords=iphone&qid=1688831333&sr=8-298
"Nillkin Case for Apple iPhone 14 / iPhone 13 (6.1"" Inch) Synthetic Fiber S Camshield Camera Semi Automatic Magnetic Works with Magsafe Charger Aramid Carbon Tough Waterproof Black Color","1,999",,M.R.P: ,https://www.amazon.in/Nillkin-Synthetic-Camshield-Automatic-Waterproof/dp/B0BKSX3K4R/ref=sr_1_299?keywords=iphone&qid=1688831333&sr=8-299
"Nillkin Case for iPhone 14 Plus Case with Stand, Slide Camera Cover, Military Grade Shockproof Portective Case Compatible with MagSafe Wireless Charger&Magnetic Car Mount Holder,Black","2,499",4.6 out of 5 stars,17,https://www.amazon.in/Nillkin-Military-Shockproof-Portective-Compatible/dp/B0BBVF81NR/ref=sr_1_300?keywords=iphone&qid=1688831333&sr=8-300
"Nillkin Case for Apple iPhone 14 Plus (6.7"" Inch) CamShield Armor Pro Camera Slider Military 180° Rotate Ring Stand Wireless Charging TPU + PC Kickstand Blue","1,999",,M.R.P: ,https://www.amazon.in/Nillkin-CamShield-Military-Wireless-Kickstand/dp/B0BFJCWCJC/ref=sr_1_301?keywords=iphone&qid=1688831333&sr=8-301
"Nillkin Case for Apple iPhone 14 Pro Max (6.7"" Inch) CamShield Silky Soft Liquid Silicon + PC Finish Camera Slider Inner Microfiber Grey","2,499",,M.R.P: ,https://www.amazon.in/Nillkin-iPhone-CamShield-Silicon-Microfiber/dp/B0BKSXWTY1/ref=sr_1_302?keywords=iphone&qid=1688831333&sr=8-302
"Nillkin Case for iPhone 14 / iPhone 13 Case with Stand, Slide Camera Cover, Military Grade Shockproof Portective Case Compatible with MagSafe Wireless Charger&Magnetic Car Mount Holder Green","3,499",4.4 out of 5 stars,72,https://www.amazon.in/Nillkin-Military-Shockproof-Portective-Compatible/dp/B0BBVBVWZM/ref=sr_1_303?keywords=iphone&qid=1688831333&sr=8-303
"Nillkin Case for Apple iPhone 14 Pro Max (6.7"" Inch) Super Frosted Shield Pro Hard Back Soft Border (PC + TPU) Shock Absorb Cover Raised Bezel Camera Protect PC with Logo Cut Blue",899,3.9 out of 5 stars,4,https://www.amazon.in/Nillkin-iPhone-Frosted-Shield-Protect/dp/B0BKSVJJCX/ref=sr_1_304?keywords=iphone&qid=1688831333&sr=8-304
"Nillkin for iPhone 14 Plus Case with Slide Camera Cover, [Full Around Protection], [Anti-Fingerprint], [Carbon Fiber Texture Anti-Scratch], Slim Shockproof Protective Case 6.7"", Black","1,149",4.0 out of 5 stars,10,https://www.amazon.in/sspa/click?ie=UTF8&spc=MToxMzMyNjIwMzAzMDIwMzMwOjE2ODg4MzEzMzU6c3BfYXRmX25leHQ6MjAxNjM5MDY3NTgxOTg6OjA6Og&url=%2FNillkin-Protection-Anti-Fingerprint-Anti-Scratch-Shockproof%2Fdp%2FB0B927Y7SD%2Fref%3Dsr_1_305_sspa%3Fkeywords%3Diphone%26qid%3D1688831335%26sr%3D8-305-spons%26sp_csd%3Dd2lkZ2V0TmFtZT1zcF9hdGZfbmV4dA%26psc%3D1
"Nillkin Case for Apple iPhone 14 / iPhone 13 (6.1"" Inch) CamShield Leather S Magnetic Works with Magsafe Semi Automatic Spring Metal Camera Slider Protect Black Color","1,799",,M.R.P: ,https://www.amazon.in/Nillkin-CamShield-Leather-Magnetic-Automatic/dp/B0BKSWCWXF/ref=sr_1_306?keywords=iphone&qid=1688831335&sr=8-306
"Nillkin Case for Apple iPhone 14 Pro Max (6.7"" Inch) Strap Detachable Rope for Grip & Hold 360 Protect Leisure Sports Workout Metal Casing for Camera Lens Black Color","1,999",,M.R.P: ,https://www.amazon.in/Nillkin-Detachable-Protect-Leisure-Workout/dp/B0BMQG9TQP/ref=sr_1_307?keywords=iphone&qid=1688831335&sr=8-307
